mtllib materials.mtl
v -0.2341967 -0.1528823 -0.2807138
v 0.2258034 -0.1528823 -0.2807139
v 0.1467063 -0.07378531 -0.3307139
v -0.1550996 -0.07378531 -0.3307139
v -0.2341967 -0.1528822 0.1792862
v -0.2341967 0.3071177 0.1792861
v -0.1718667 0.2447877 0.2192861
v -0.1718667 -0.09055221 0.2192862
v -0.1718667 -0.2128822 0.1169563
v -0.1718667 -0.2128823 -0.2183838
v -0.2341967 0.3071176 -0.2807139
v 0.2258034 0.3071176 -0.2807139
v 0.1821034 0.3371177 -0.237014
v -0.1904967 0.3371177 -0.2370139
v -0.2741967 0.2634176 -0.2370139
v -0.2741967 -0.1091822 -0.2370138
v 0.2258034 -0.1528822 0.1792862
v 0.2258034 0.3071177 0.1792861
v -0.2741967 0.2634177 0.1355861
v -0.2741967 -0.1091821 0.1355863
v 0.1821034 0.3371178 0.1355861
v -0.1904967 0.3371178 0.1355861
v 0.1316161 0.3471177 -0.1865267
v -0.1400094 0.3471177 -0.1865266
v 0.1316161 0.3471178 0.0850988
v -0.1400094 0.3471178 0.0850988
v 0.1634734 0.2447877 0.2192861
v 0.1634734 -0.09055221 0.2192862
v 0.1467063 0.2280205 -0.330714
v -0.1550996 0.2280205 -0.330714
v 0.1634734 -0.2128822 0.1169563
v 0.1634734 -0.2128823 -0.2183838
v -0.2141967 -0.3128823 0.07928616
v -0.2141967 -0.3128824 -0.2907138
v -0.2141967 -0.2128824 -0.2907138
v -0.2141967 -0.2128823 0.07928616
v -0.1141968 -0.3128823 0.07928616
v -0.1141968 -0.2128823 0.07928616
v -0.1141968 -0.2128824 -0.2907138
v -0.1141968 -0.3128824 -0.2907138
v -0.2141966 -0.2128823 0.1592862
v -0.2141966 -0.3128823 0.1592862
v -0.1141967 -0.2128823 0.1592862
v 0.1158032 -0.3128821 0.0792858
v 0.1158032 -0.2128819 0.0792858
v -0.1141967 -0.3128823 0.1592862
v 0.1158034 -0.3128821 0.1592858
v -0.1141967 -0.2128823 0.1892862
v -0.1141967 -0.3128822 0.1892862
v 0.1158034 -0.2128819 0.1592858
v 0.1158029 -0.3128819 -0.1807142
v 0.1158029 -0.2128819 -0.1807142
v 0.2058034 -0.3128821 0.1592857
v 0.2058033 -0.3128821 0.07928568
v 0.2058034 -0.2128819 0.1592857
v 0.2058033 -0.2128819 0.07928568
v 0.2058029 -0.3128819 -0.1807143
v 0.2058029 -0.2128819 -0.1807143
v -0.114197 -0.3128816 -0.1807137
v -0.114197 -0.2128816 -0.1807137
v 0.2058027 -0.3128818 -0.2907144
v 0.1158026 -0.3128818 -0.2907142
v 0.2058027 -0.2128819 -0.2907144
v 0.1158026 -0.2128819 -0.2907142
v 0.1158034 -0.2128819 0.1892858
v 0.1158034 -0.3128819 0.1892858
v -0.06419671 -0.2728822 0.1992862
v -0.08419669 -0.2728822 0.1992862
v -0.08419669 -0.2528822 0.1992862
v -0.06419671 -0.2528822 0.1992862
v -0.06419671 -0.2728822 0.1792862
v -0.06419671 -0.2528822 0.1792862
v -0.08419669 -0.2528822 0.1792862
v -0.08419669 -0.2728822 0.1792862
v -0.01419663 -0.2728822 0.1992862
v -0.03419662 -0.2728822 0.1992862
v -0.03419662 -0.2528822 0.1992862
v -0.01419663 -0.2528822 0.1992862
v -0.01419663 -0.2728822 0.1792862
v -0.01419663 -0.2528822 0.1792862
v -0.03419662 -0.2528822 0.1792862
v -0.03419662 -0.2728822 0.1792862
v 0.03580332 -0.2728822 0.1992861
v 0.01580334 -0.2728822 0.1992861
v 0.01580334 -0.2528822 0.1992861
v 0.03580332 -0.2528822 0.1992861
v 0.03580332 -0.2728822 0.1792861
v 0.03580332 -0.2528822 0.1792861
v 0.01580334 -0.2528822 0.1792861
v 0.01580334 -0.2728822 0.1792861
v 0.06580329 -0.2728822 0.1992861
v 0.06580329 -0.2728822 0.1792861
v 0.06580329 -0.2528822 0.1792861
v 0.06580329 -0.2528822 0.1992861
v 0.08580327 -0.2728822 0.1992861
v 0.08580327 -0.2528822 0.1992861
v 0.08580327 -0.2528822 0.1792861
v 0.08580327 -0.2728822 0.1792861
v 0.1958033 -0.2728822 0.1192862
v 0.1958033 -0.2528822 0.1192862
v 0.2158033 -0.2528822 0.1192862
v 0.2158033 -0.2728822 0.1192862
v 0.1958033 -0.2728822 -0.2507138
v 0.2158033 -0.2728822 -0.2507138
v 0.2158033 -0.2528822 -0.2507138
v 0.1958033 -0.2528822 -0.2507138
v -0.2341967 -0.2728822 -0.2407139
v -0.2341967 -0.2528822 -0.2407139
v -0.2341967 -0.2528822 0.08928615
v -0.2341967 -0.2728822 0.08928615
v -0.2141967 -0.2728822 -0.2407139
v -0.2141967 -0.2728822 0.08928615
v -0.2141967 -0.2528822 0.08928615
v -0.2141967 -0.2528822 -0.2407139
v 0.1458033 -0.2628822 -0.2807139
v 0.1458033 -0.2428823 -0.2807139
v 0.1458033 -0.2428823 -0.3007138
v 0.1458033 -0.2628822 -0.3007138
v -0.1841966 -0.2628822 -0.2807139
v -0.1841966 -0.2628822 -0.3007138
v -0.1841966 -0.2428823 -0.3007138
v -0.1841966 -0.2428823 -0.2807139
v 0.02580333 0.3671178 -0.01821381
v 0.05205333 0.3671178 -0.02524745
v 0.05642831 0.3647732 -0.01766974
v 0.02580333 0.3647732 -0.009463787
v 0.05963111 0.3583677 -0.01212245
v 0.02580333 0.3583677 -0.003058374
v 0.06080329 0.3496177 -0.01009202
v 0.02580333 0.3496177 -0.0007138252
v 0.05963111 0.3408678 -0.01212245
v 0.02580333 0.3408678 -0.003058374
v 0.05642831 0.3344623 -0.01766974
v 0.02580333 0.3344623 -0.009463787
v 0.05205333 0.3321177 -0.02524745
v 0.02580333 0.3321177 -0.01821381
v 0.04767835 0.3344623 -0.03282523
v 0.02580333 0.3344623 -0.02696383
v 0.04447556 0.3408678 -0.03837246
v 0.02580333 0.3408678 -0.03336924
v 0.04330337 0.3496177 -0.04040295
v 0.02580333 0.3496177 -0.03571379
v 0.04447556 0.3583677 -0.03837246
v 0.02580333 0.3583677 -0.03336924
v 0.04767835 0.3647732 -0.03282517
v 0.02580333 0.3647732 -0.02696383
v 0.07126963 0.3671178 -0.04446381
v 0.07884741 0.3647732 -0.04008883
v 0.08439469 0.3583677 -0.0368861
v 0.08642507 0.3496177 -0.03571385
v 0.08439469 0.3408678 -0.0368861
v 0.07884741 0.3344623 -0.04008883
v 0.07126963 0.3321177 -0.04446381
v 0.06369197 0.3344623 -0.04883879
v 0.05814469 0.3408678 -0.05204153
v 0.0561142 0.3496177 -0.05321383
v 0.05814469 0.3583677 -0.05204153
v 0.06369197 0.3647732 -0.04883879
v 0.07830334 0.3671178 -0.07071382
v 0.0870533 0.3647732 -0.07071382
v 0.09345877 0.3583677 -0.07071382
v 0.09580338 0.3496177 -0.07071382
v 0.09345877 0.3408678 -0.07071382
v 0.0870533 0.3344623 -0.07071382
v 0.07830334 0.3321177 -0.07071382
v 0.06955338 0.3344623 -0.07071382
v 0.0631479 0.3408678 -0.07071382
v 0.06080329 0.3496177 -0.07071382
v 0.0631479 0.3583677 -0.07071382
v 0.06955338 0.3647732 -0.07071382
v 0.07126963 0.3671178 -0.09696382
v 0.07884741 0.3647732 -0.1013388
v 0.08439469 0.3583677 -0.1045415
v 0.08642507 0.3496177 -0.1057138
v 0.08439469 0.3408678 -0.1045415
v 0.07884741 0.3344623 -0.1013388
v 0.07126963 0.3321177 -0.09696382
v 0.06369197 0.3344623 -0.09258884
v 0.05814469 0.3408678 -0.08938611
v 0.0561142 0.3496177 -0.08821383
v 0.05814469 0.3583677 -0.08938611
v 0.06369197 0.3647732 -0.09258884
v 0.05205333 0.3671178 -0.1161802
v 0.05642831 0.3647732 -0.1237579
v 0.05963111 0.3583677 -0.1293052
v 0.06080329 0.3496177 -0.1313356
v 0.05963111 0.3408678 -0.1293052
v 0.05642831 0.3344623 -0.1237579
v 0.05205333 0.3321177 -0.1161802
v 0.04767835 0.3344623 -0.1086024
v 0.04447556 0.3408678 -0.1030551
v 0.04330337 0.3496177 -0.1010247
v 0.04447556 0.3583677 -0.1030551
v 0.04767835 0.3647732 -0.1086024
v 0.02580333 0.3671178 -0.1232138
v 0.02580333 0.3647732 -0.1319638
v 0.02580333 0.3583677 -0.1383693
v 0.02580333 0.3496177 -0.1407138
v 0.02580333 0.3408678 -0.1383693
v 0.02580333 0.3344623 -0.1319638
v 0.02580333 0.3321177 -0.1232138
v 0.02580333 0.3344623 -0.1144638
v 0.02580333 0.3408678 -0.1080584
v 0.02580333 0.3496177 -0.1057138
v 0.02580333 0.3583677 -0.1080584
v 0.02580333 0.3647732 -0.1144638
v -0.0004466772 0.3671178 -0.1161802
v -0.004821658 0.3647732 -0.1237579
v -0.008024454 0.3583677 -0.1293052
v -0.009196639 0.3496177 -0.1313356
v -0.008024454 0.3408678 -0.1293052
v -0.004821658 0.3344623 -0.1237579
v -0.0004466772 0.3321177 -0.1161802
v 0.003928304 0.3344623 -0.1086024
v 0.00713098 0.3408678 -0.1030551
v 0.008303285 0.3496177 -0.1010247
v 0.0071311 0.3583677 -0.1030551
v 0.003928304 0.3647732 -0.1086024
v -0.01966298 0.3671178 -0.09696382
v -0.02724075 0.3647732 -0.1013388
v -0.03278804 0.3583677 -0.1045415
v -0.03481841 0.3496177 -0.1057138
v -0.03278804 0.3408678 -0.1045415
v -0.02724075 0.3344623 -0.1013388
v -0.01966298 0.3321177 -0.09696382
v -0.01208532 0.3344623 -0.09258881
v -0.006538033 0.3408678 -0.08938611
v -0.004507542 0.3496177 -0.0882138
v -0.006538033 0.3583677 -0.08938611
v -0.01208532 0.3647732 -0.09258881
v -0.02669668 0.3671178 -0.07071382
v -0.03544664 0.3647732 -0.07071382
v -0.04185212 0.3583677 -0.07071382
v -0.04419672 0.3496177 -0.07071382
v -0.04185212 0.3408678 -0.07071382
v -0.03544664 0.3344623 -0.07071382
v -0.02669668 0.3321177 -0.07071382
v -0.01794672 0.3344623 -0.07071382
v -0.01154125 0.3408678 -0.07071382
v -0.009196639 0.3496177 -0.07071382
v -0.01154125 0.3583677 -0.07071382
v -0.01794672 0.3647732 -0.07071382
v -0.01966298 0.3671178 -0.04446381
v -0.02724075 0.3647732 -0.04008883
v -0.03278804 0.3583677 -0.0368861
v -0.03481841 0.3496177 -0.03571379
v -0.03278804 0.3408678 -0.0368861
v -0.02724075 0.3344623 -0.04008883
v -0.01966298 0.3321177 -0.04446381
v -0.01208532 0.3344623 -0.04883879
v -0.006538033 0.3408678 -0.05204153
v -0.004507542 0.3496177 -0.0532138
v -0.006538033 0.3583677 -0.05204153
v -0.01208532 0.3647732 -0.04883879
v -0.0004466772 0.3671178 -0.02524745
v -0.004821658 0.3647732 -0.01766974
v -0.008024335 0.3583677 -0.01212245
v -0.009196639 0.3496177 -0.01009202
v -0.008024335 0.3408678 -0.01212245
v -0.004821658 0.3344623 -0.01766974
v -0.0004466772 0.3321177 -0.02524745
v 0.003928304 0.3344623 -0.03282517
v 0.0071311 0.3408678 -0.03837246
v 0.008303285 0.3496177 -0.04040289
v 0.0071311 0.3583677 -0.03837246
v 0.003928304 0.3647732 -0.03282517
v 0.02580333 0.3771178 -0.04071385
v 0.04080331 0.3771178 -0.04473311
v 0.04330337 0.375778 -0.04040295
v 0.02580333 0.375778 -0.03571385
v 0.04513347 0.3721178 -0.03723311
v 0.02580333 0.3721178 -0.03205359
v 0.04580331 0.3671178 -0.03607285
v 0.02580333 0.3671178 -0.03071386
v 0.04513347 0.3621178 -0.03723311
v 0.02580333 0.3621178 -0.03205359
v 0.04330337 0.3584574 -0.04040295
v 0.02580333 0.3584576 -0.03571385
v 0.04080331 0.3571178 -0.04473311
v 0.02580333 0.3571178 -0.04071385
v 0.03830338 0.3584576 -0.04906321
v 0.02580333 0.3584576 -0.04571384
v 0.03647316 0.3621178 -0.0522331
v 0.02580333 0.3621178 -0.0493741
v 0.03580332 0.3671178 -0.05339333
v 0.02580333 0.3671178 -0.05071384
v 0.03647316 0.3721178 -0.0522331
v 0.02580333 0.3721178 -0.0493741
v 0.03830338 0.375778 -0.04906321
v 0.02580333 0.375778 -0.04571384
v 0.05178404 0.3771178 -0.05571386
v 0.0561142 0.375778 -0.05321386
v 0.05928409 0.3721178 -0.05138373
v 0.06044436 0.3671178 -0.05071384
v 0.05928409 0.3621178 -0.05138373
v 0.0561142 0.3584574 -0.05321386
v 0.05178404 0.3571178 -0.05571386
v 0.047454 0.3584576 -0.05821386
v 0.04428411 0.3621178 -0.06004399
v 0.04312384 0.3671178 -0.06071386
v 0.04428411 0.3721178 -0.06004399
v 0.047454 0.375778 -0.05821386
v 0.0558033 0.3771178 -0.07071385
v 0.06080329 0.375778 -0.07071385
v 0.06446362 0.3721178 -0.07071385
v 0.06580329 0.3671178 -0.07071385
v 0.06446362 0.3621178 -0.07071385
v 0.06080329 0.3584574 -0.07071385
v 0.0558033 0.3571178 -0.07071385
v 0.0508033 0.3584574 -0.07071385
v 0.0471431 0.3621178 -0.07071385
v 0.04580331 0.3671178 -0.07071385
v 0.0471431 0.3721178 -0.07071385
v 0.0508033 0.375778 -0.07071385
v 0.05178404 0.3771178 -0.08571386
v 0.0561142 0.375778 -0.08821386
v 0.05928409 0.3721178 -0.09004399
v 0.06044436 0.3671178 -0.09071386
v 0.05928409 0.3621178 -0.09004399
v 0.0561142 0.3584574 -0.08821386
v 0.05178404 0.3571178 -0.08571386
v 0.047454 0.3584576 -0.08321387
v 0.04428411 0.3621178 -0.08138373
v 0.04312384 0.3671178 -0.08071387
v 0.04428411 0.3721178 -0.08138373
v 0.047454 0.375778 -0.08321387
v 0.04080331 0.3771178 -0.09669462
v 0.04330337 0.375778 -0.1010247
v 0.04513347 0.3721178 -0.1041946
v 0.04580331 0.3671178 -0.1053549
v 0.04513347 0.3621178 -0.1041946
v 0.04330337 0.3584574 -0.1010247
v 0.04080331 0.3571178 -0.09669462
v 0.03830338 0.3584576 -0.09236449
v 0.03647316 0.3621178 -0.08919463
v 0.03580332 0.3671178 -0.08803436
v 0.03647316 0.3721178 -0.08919463
v 0.03830338 0.375778 -0.09236449
v 0.02580333 0.3771178 -0.1007138
v 0.02580333 0.375778 -0.1057138
v 0.02580333 0.3721178 -0.1093741
v 0.02580333 0.3671178 -0.1107138
v 0.02580333 0.3621178 -0.1093741
v 0.02580333 0.3584576 -0.1057138
v 0.02580333 0.3571178 -0.1007138
v 0.02580333 0.3584576 -0.09571385
v 0.02580333 0.3621178 -0.09205359
v 0.02580333 0.3671178 -0.09071386
v 0.02580333 0.3721178 -0.09205359
v 0.02580333 0.375778 -0.09571385
v 0.01080334 0.3771178 -0.09669462
v 0.008303285 0.3757781 -0.1010247
v 0.006473184 0.3721178 -0.1041946
v 0.005803347 0.3671178 -0.1053548
v 0.006473184 0.3621178 -0.1041946
v 0.008303285 0.3584576 -0.1010247
v 0.01080334 0.3571178 -0.09669462
v 0.01330328 0.3584576 -0.09236449
v 0.0151335 0.3621178 -0.0891946
v 0.01580334 0.3671178 -0.08803436
v 0.0151335 0.3721178 -0.0891946
v 0.01330328 0.3757781 -0.09236449
v -0.0001773834 0.3771178 -0.08571383
v -0.004507542 0.3757781 -0.08821383
v -0.007677436 0.3721178 -0.09004396
v -0.0088377 0.3671178 -0.09071383
v -0.007677436 0.3621178 -0.09004396
v -0.004507542 0.3584576 -0.08821383
v -0.0001773834 0.3571178 -0.08571383
v 0.004152656 0.3584576 -0.08321384
v 0.00732255 0.3621178 -0.08138371
v 0.008482814 0.3671178 -0.08071384
v 0.00732255 0.3721178 -0.08138371
v 0.004152656 0.3757781 -0.08321384
v -0.004196644 0.3771178 -0.07071385
v -0.009196639 0.3757781 -0.07071385
v -0.01285696 0.3721178 -0.07071385
v -0.01419663 0.3671178 -0.07071385
v -0.01285696 0.3621178 -0.07071385
v -0.009196639 0.3584576 -0.07071385
v -0.004196644 0.3571178 -0.07071385
v 0.0008033514 0.3584576 -0.07071385
v 0.004463553 0.3621178 -0.07071385
v 0.005803347 0.3671178 -0.07071385
v 0.004463553 0.3721178 -0.07071385
v 0.0008033514 0.3757781 -0.07071385
v -0.0001773834 0.3771178 -0.05571383
v -0.004507542 0.3757781 -0.05321383
v -0.007677436 0.3721178 -0.05138373
v -0.0088377 0.3671178 -0.05071384
v -0.007677436 0.3621178 -0.05138373
v -0.004507542 0.3584576 -0.05321383
v -0.0001773834 0.3571178 -0.05571383
v 0.004152656 0.3584576 -0.05821386
v 0.00732255 0.3621178 -0.06004396
v 0.008482814 0.3671178 -0.06071386
v 0.00732255 0.3721178 -0.06004396
v 0.004152656 0.3757781 -0.05821386
v 0.01080334 0.3771178 -0.04473305
v 0.008303285 0.3757781 -0.04040295
v 0.006473184 0.3721178 -0.03723305
v 0.005803347 0.3671178 -0.03607279
v 0.006473184 0.3621178 -0.03723305
v 0.008303285 0.3584576 -0.04040295
v 0.01080334 0.3571178 -0.04473305
v 0.01330328 0.3584576 -0.04906321
v 0.0151335 0.3621178 -0.05223307
v 0.01580334 0.3671178 -0.05339333
v 0.0151335 0.3721178 -0.05223307
v 0.01330328 0.3757781 -0.04906321
v 0.03556621 0.4128686 -0.0757387
v 0.03288674 0.4128686 -0.08573869
v 0.04312384 0.3471178 -0.08071387
v 0.04580331 0.3471178 -0.07071385
v 0.02556622 0.4128686 -0.09305921
v 0.03580332 0.3471178 -0.08803436
v 0.01556623 0.4128686 -0.09573868
v 0.02580333 0.3471178 -0.09071386
v 0.005566239 0.4128686 -0.09305921
v 0.01580334 0.3471178 -0.08803436
v -0.001754284 0.4128686 -0.08573869
v 0.008482814 0.3471178 -0.08071387
v -0.004433751 0.4128686 -0.0757387
v 0.005803347 0.3471178 -0.07071385
v -0.001754284 0.4128686 -0.06573868
v 0.008482814 0.3471178 -0.06071386
v 0.005566239 0.4128686 -0.05841818
v 0.01580334 0.3471178 -0.05339333
v 0.01556623 0.4128686 -0.05573869
v 0.02580333 0.3471178 -0.05071387
v 0.02556622 0.4128686 -0.05841818
v 0.03580332 0.3471178 -0.05339333
v 0.03288674 0.4128686 -0.06573871
v 0.04312384 0.3471178 -0.06071386
v 0.03352582 0.6269065 -0.05979887
v 0.01776123 0.6234647 -0.06466225
v 0.02256608 0.6242541 -0.08079642
v 0.03833091 0.6276959 -0.07593316
v 0.04571807 0.6110829 -0.04781264
v 0.05426824 0.6112826 -0.0557186
v 0.05747712 0.6104478 -0.05369917
v 0.04750192 0.6102148 -0.04447556
v 0.05990875 0.607829 -0.05218214
v 0.04889035 0.6075717 -0.04199398
v 0.06091177 0.6041281 -0.05157405
v 0.04951155 0.6038619 -0.04103279
v 0.06021714 0.6003368 -0.05203784
v 0.04919875 0.6000794 -0.04184961
v 0.05801129 0.5974708 -0.05344918
v 0.0480361 0.5972378 -0.04422557
v 0.05488503 0.5962981 -0.05543
v 0.04633486 0.5960984 -0.04752403
v 0.05167615 0.5971329 -0.05744943
v 0.04455101 0.5969665 -0.05086115
v 0.0492444 0.5997516 -0.05896646
v 0.04316247 0.5996096 -0.05334276
v 0.0482415 0.6034526 -0.05957454
v 0.04254138 0.6033194 -0.05430391
v 0.04893601 0.6072439 -0.05911076
v 0.04285407 0.6071019 -0.05348706
v 0.05114198 0.6101099 -0.05769941
v 0.04401684 0.6099435 -0.0511111
v 0.05772591 0.6112107 -0.06684014
v 0.06151104 0.6103638 -0.06667426
v 0.06436467 0.6077363 -0.06651416
v 0.06552196 0.6040323 -0.06640276
v 0.06467307 0.600244 -0.06636986
v 0.06204522 0.5973868 -0.06642431
v 0.0583427 0.5962262 -0.06655151
v 0.05455756 0.597073 -0.06671739
v 0.05170393 0.5997005 -0.06687748
v 0.05054665 0.6034046 -0.06698889
v 0.05139554 0.6071928 -0.06702179
v 0.05402339 0.61005 -0.06696734
v 0.05516469 0.6108866 -0.07819724
v 0.05852294 0.6099856 -0.07992423
v 0.061064 0.6073186 -0.08114982
v 0.06210697 0.6036 -0.08154556
v 0.0613724 0.5998263 -0.08100548
v 0.05905712 0.5970087 -0.07967427
v 0.05578148 0.595902 -0.07790864
v 0.05242312 0.5968028 -0.07618165
v 0.04988205 0.5994699 -0.07495606
v 0.04883909 0.6031885 -0.07456031
v 0.04957366 0.6069622 -0.07510039
v 0.05188894 0.6097798 -0.0764316
v 0.04727066 0.6103969 -0.08674681
v 0.04931331 0.6094145 -0.08989874
v 0.05089128 0.6066877 -0.09216744
v 0.05158174 0.6029472 -0.09294501
v 0.05119967 0.5991954 -0.0920231
v 0.04984748 0.5964375 -0.08964878
v 0.04788744 0.5954124 -0.08645821
v 0.04584479 0.5963949 -0.08330628
v 0.04426694 0.5991217 -0.08103758
v 0.04357648 0.602862 -0.08026001
v 0.04395854 0.6066139 -0.08118191
v 0.04531074 0.6093719 -0.08355623
v 0.03615928 0.6098731 -0.09019798
v 0.03635001 0.6088033 -0.09392509
v 0.03657222 0.6060126 -0.09661487
v 0.03676641 0.6022488 -0.09754658
v 0.03688061 0.5985203 -0.09647053
v 0.03688407 0.5958263 -0.09367514
v 0.03677607 0.5948886 -0.08990937
v 0.03658533 0.5959584 -0.08618227
v 0.03636301 0.598749 -0.08349249
v 0.03616881 0.6025128 -0.08256081
v 0.03605473 0.6062412 -0.08363682
v 0.03605115 0.6089354 -0.08643222
v 0.02480757 0.6094553 -0.08762604
v 0.02310634 0.6083159 -0.09092447
v 0.02194369 0.6054744 -0.09330043
v 0.02163088 0.6016918 -0.09411728
v 0.02225208 0.597982 -0.09315613
v 0.02364051 0.5953389 -0.09067452
v 0.02542436 0.5944709 -0.0873374
v 0.0271256 0.5956103 -0.08403894
v 0.02828836 0.5984519 -0.08166298
v 0.02860105 0.6022344 -0.08084616
v 0.02797997 0.6059442 -0.08180732
v 0.02659142 0.6085873 -0.08428892
v 0.01625741 0.6092557 -0.07972008
v 0.01313114 0.608083 -0.08170086
v 0.01092529 0.605217 -0.08311224
v 0.01023066 0.6014256 -0.08357602
v 0.01123369 0.5977248 -0.08296794
v 0.01366532 0.595106 -0.08145091
v 0.01687419 0.5942712 -0.07943147
v 0.02000046 0.5954438 -0.07745066
v 0.02220643 0.5983099 -0.07603931
v 0.02290094 0.6021012 -0.07557553
v 0.02189803 0.6058022 -0.07618362
v 0.01946628 0.6084208 -0.07770064
v 0.01279974 0.6093276 -0.06859857
v 0.009097219 0.6081669 -0.06872576
v 0.006469369 0.6053097 -0.06878021
v 0.00562048 0.6015215 -0.06874731
v 0.006777763 0.5978174 -0.06863591
v 0.009631395 0.5951899 -0.06847581
v 0.01341653 0.5943431 -0.06830993
v 0.01711905 0.5955038 -0.06818274
v 0.0197469 0.598361 -0.06812829
v 0.02059579 0.6021491 -0.06816119
v 0.01943851 0.6058533 -0.06827259
v 0.01658487 0.6084808 -0.06843269
v 0.01536095 0.6096518 -0.05724144
v 0.01208532 0.6085451 -0.0554758
v 0.009770036 0.6057274 -0.05414459
v 0.009035468 0.6019537 -0.05360451
v 0.01007843 0.5982351 -0.05400026
v 0.0126195 0.5955682 -0.05522585
v 0.01597774 0.5946672 -0.05695283
v 0.01925349 0.5957739 -0.05871847
v 0.02156878 0.5985916 -0.06004968
v 0.02230334 0.6023653 -0.06058976
v 0.02126038 0.6060839 -0.06019402
v 0.01871932 0.6087509 -0.05896842
v 0.02325499 0.6101414 -0.04869187
v 0.02129495 0.6091163 -0.04550129
v 0.01994276 0.6063584 -0.04312694
v 0.01956069 0.6026065 -0.0422051
v 0.02025115 0.5988661 -0.04298264
v 0.02182913 0.5961393 -0.04525137
v 0.02387178 0.5951569 -0.04840326
v 0.0258317 0.5961819 -0.05159384
v 0.02718389 0.5989399 -0.05396816
v 0.02756596 0.6026918 -0.05489007
v 0.0268755 0.6064321 -0.05411249
v 0.02529764 0.6091589 -0.05184379
v 0.03436637 0.6106652 -0.0452407
v 0.03425837 0.6097275 -0.04147494
v 0.03426182 0.6070335 -0.03867954
v 0.03437603 0.603305 -0.0376035
v 0.03457022 0.5995412 -0.03853524
v 0.03479242 0.5967505 -0.04122496
v 0.03498316 0.5956807 -0.04495209
v 0.03509128 0.5966184 -0.04871786
v 0.03508782 0.5993125 -0.05151325
v 0.03497362 0.6030409 -0.05258927
v 0.03477943 0.6068047 -0.05165759
v 0.0345571 0.6095954 -0.04896784
v 0.04726934 0.6394581 -0.05152515
v 0.05383217 0.6397988 -0.06114087
v 0.05743575 0.6390902 -0.0598821
v 0.04977906 0.6386927 -0.04866374
v 0.06022811 0.6365682 -0.05892619
v 0.05177069 0.636129 -0.04653466
v 0.06146121 0.6329085 -0.05852932
v 0.05271065 0.632454 -0.04570836
v 0.06080449 0.6290914 -0.05879778
v 0.05234706 0.6286525 -0.04640621
v 0.05843401 0.6261402 -0.05965966
v 0.05077732 0.6257426 -0.04844129
v 0.05498481 0.6248454 -0.06088403
v 0.04842198 0.6245047 -0.05126831
v 0.05138123 0.625554 -0.06214282
v 0.04591227 0.62527 -0.05412969
v 0.04858887 0.628076 -0.0630987
v 0.04392052 0.6278335 -0.0562588
v 0.04735577 0.6317357 -0.06349558
v 0.04298055 0.6315087 -0.0570851
v 0.0480125 0.6355528 -0.06322712
v 0.04334426 0.6353103 -0.05638722
v 0.05038297 0.6385039 -0.06236523
v 0.04491401 0.63822 -0.05435213
v 0.05472577 0.6396681 -0.07275265
v 0.05847824 0.6389378 -0.0734292
v 0.06137967 0.6363999 -0.07389003
v 0.06265259 0.6327342 -0.07401171
v 0.06195593 0.6289233 -0.07376161
v 0.05947649 0.6259879 -0.07320675
v 0.0558784 0.6247147 -0.07249582
v 0.05212593 0.625445 -0.07181931
v 0.0492245 0.627983 -0.07135847
v 0.04795146 0.6316487 -0.07123679
v 0.04864812 0.6354598 -0.07148689
v 0.05112767 0.6383952 -0.07204172
v 0.04971051 0.6391014 -0.08324915
v 0.05262721 0.6382765 -0.08567509
v 0.05491674 0.6356694 -0.08741659
v 0.05596578 0.6319784 -0.08800703
v 0.05549312 0.6281928 -0.08728817
v 0.05362546 0.6253265 -0.08545268
v 0.05086327 0.624148 -0.08299232
v 0.04794657 0.6249727 -0.08056638
v 0.04565704 0.6275798 -0.07882488
v 0.04460812 0.6312708 -0.07823443
v 0.04508078 0.6350566 -0.0789533
v 0.04694843 0.6379226 -0.08078879
v 0.0401305 0.63825 -0.08981782
v 0.0414505 0.6372834 -0.09333852
v 0.04257119 0.6345724 -0.09588146
v 0.04319239 0.6308433 -0.09676525
v 0.04314756 0.6270956 -0.09575304
v 0.04244876 0.6243333 -0.0931161
v 0.04128325 0.6232966 -0.08956099
v 0.03996325 0.6242632 -0.08604026
v 0.03884256 0.6269742 -0.08349732
v 0.03822136 0.6307033 -0.08261356
v 0.03826618 0.634451 -0.08362573
v 0.03896499 0.6372133 -0.0862627
v 0.02855253 0.6373423 -0.09069857
v 0.02794278 0.6362244 -0.09436607
v 0.02765095 0.6334027 -0.09701648
v 0.02775502 0.6296333 -0.09793958
v 0.02822721 0.6259259 -0.09688807
v 0.02894104 0.6232744 -0.09414366
v 0.02970517 0.622389 -0.09044173
v 0.03031492 0.6235069 -0.08677423
v 0.03060687 0.6263286 -0.08412382
v 0.03050268 0.6300982 -0.08320072
v 0.03003049 0.6338054 -0.08425224
v 0.02931666 0.6364571 -0.08699664
v 0.01807892 0.6366216 -0.08565542
v 0.01572359 0.6353837 -0.08848241
v 0.01415384 0.6324738 -0.09051749
v 0.01379013 0.6286722 -0.0912154
v 0.01473022 0.6249973 -0.09038907
v 0.01672184 0.6224335 -0.08825999
v 0.01923156 0.6216682 -0.08539858
v 0.02158689 0.6229063 -0.0825716
v 0.02315664 0.625816 -0.08053651
v 0.02352035 0.6296176 -0.07983863
v 0.02258039 0.6332928 -0.08066493
v 0.02058864 0.6358563 -0.08279404
v 0.01151609 0.6362809 -0.0760397
v 0.008066893 0.634986 -0.07726407
v 0.005696416 0.6320349 -0.07812595
v 0.005039692 0.6282178 -0.07839441
v 0.006272793 0.6245581 -0.07799754
v 0.009065151 0.6220361 -0.07704163
v 0.01266873 0.6213275 -0.07578287
v 0.01611793 0.6226224 -0.0745585
v 0.01848841 0.6255735 -0.07369661
v 0.01914513 0.6293906 -0.07342815
v 0.01791203 0.6330503 -0.07382503
v 0.01511967 0.6355723 -0.07478091
v 0.0106225 0.6364115 -0.06442791
v 0.007024407 0.6351384 -0.06371698
v 0.004544973 0.632203 -0.06316212
v 0.003848314 0.6283921 -0.06291202
v 0.005121231 0.6247264 -0.0630337
v 0.008022666 0.6221884 -0.06349453
v 0.01177514 0.6214582 -0.06417108
v 0.01537323 0.6227311 -0.06488201
v 0.01785278 0.6256665 -0.06543684
v 0.01854944 0.6294776 -0.06568694
v 0.01727641 0.6331433 -0.06556526
v 0.01437497 0.6356813 -0.06510442
v 0.01563764 0.6369783 -0.05393142
v 0.01287544 0.6357998 -0.05147105
v 0.01100779 0.6329335 -0.04963553
v 0.01053512 0.6291479 -0.0489167
v 0.01158416 0.6254569 -0.04950714
v 0.0138737 0.6228498 -0.05124864
v 0.01679039 0.6220249 -0.05367458
v 0.01955259 0.6232036 -0.05613494
v 0.02142012 0.6260697 -0.05797043
v 0.02189279 0.6298555 -0.0586893
v 0.02084386 0.6335465 -0.05809885
v 0.01855433 0.6361536 -0.05635735
v 0.02521765 0.6378297 -0.04736274
v 0.02405214 0.636793 -0.04380763
v 0.02335334 0.6340307 -0.04117072
v 0.02330852 0.630283 -0.04015851
v 0.02392972 0.6265539 -0.04104227
v 0.0250504 0.6238428 -0.04358518
v 0.02637041 0.6228763 -0.04710591
v 0.02753592 0.6239129 -0.05066103
v 0.02823472 0.6266752 -0.053298
v 0.02827954 0.6304229 -0.05431017
v 0.02765834 0.6341521 -0.05342641
v 0.02653766 0.6368631 -0.05088347
v 0.03679574 0.6387373 -0.04648203
v 0.03755987 0.6378518 -0.0427801
v 0.03827369 0.6352004 -0.04003567
v 0.03874588 0.631493 -0.03898418
v 0.03884995 0.6277236 -0.03990728
v 0.03855813 0.6249019 -0.04255766
v 0.03794837 0.6237839 -0.04622513
v 0.03718424 0.6246692 -0.04992706
v 0.03647041 0.6273209 -0.05267149
v 0.03599823 0.6310281 -0.05372301
v 0.03589404 0.6347977 -0.05279991
v 0.03618598 0.6376194 -0.0501495
v 0.1063526 -0.164133 -0.1358111
v 0.04507732 -0.1650699 -0.1865903
v 0.05612636 -0.1698537 -0.2102296
v 0.1276141 -0.1687605 -0.1509872
v 0.06509447 -0.1870358 -0.228344
v 0.1440585 -0.1858284 -0.1629061
v 0.06957877 -0.2120125 -0.2360796
v 0.1512792 -0.2107633 -0.168374
v 0.06837761 -0.2380913 -0.2313637
v 0.1473415 -0.2368839 -0.1659258
v 0.06181288 -0.2582843 -0.2154599
v 0.1333007 -0.2571913 -0.1562175
v 0.05164349 -0.2671809 -0.1926296
v 0.1129189 -0.2662441 -0.1418504
v 0.04059446 -0.2623973 -0.1689903
v 0.09165716 -0.2616165 -0.1266742
v 0.03162634 -0.2452151 -0.1508759
v 0.07521296 -0.2445486 -0.1147554
v 0.02714205 -0.2202383 -0.1431403
v 0.06799221 -0.2196137 -0.1092875
v 0.0283432 -0.1941596 -0.1478562
v 0.07192981 -0.1934931 -0.1117357
v 0.03490794 -0.1739665 -0.16376
v 0.08597076 -0.1731857 -0.121444
v -0.03325438 -0.1693131 -0.200015
v -0.03526056 -0.1748039 -0.2258918
v -0.03584957 -0.1925038 -0.2456441
v -0.03486347 -0.21767 -0.2539792
v -0.03256643 -0.2435592 -0.2486638
v -0.02957404 -0.2632346 -0.2311221
v -0.0266881 -0.2714241 -0.2060543
v -0.02468193 -0.2659332 -0.1801775
v -0.02409291 -0.2482333 -0.1604252
v -0.02507901 -0.223067 -0.1520901
v -0.02737606 -0.1971778 -0.1574056
v -0.03036845 -0.1775024 -0.1749473
v -0.1076534 -0.1757253 -0.172488
v -0.1220595 -0.182285 -0.193777
v -0.1317258 -0.2007672 -0.2101708
v -0.1340622 -0.2262198 -0.2172766
v -0.1284426 -0.2518227 -0.2131905
v -0.1163729 -0.2707156 -0.1990073
v -0.1010872 -0.2778363 -0.1785274
v -0.08668113 -0.2712767 -0.1572384
v -0.0770148 -0.2527945 -0.1408446
v -0.07467842 -0.2273419 -0.1337388
v -0.08029795 -0.201739 -0.1378249
v -0.09236765 -0.182846 -0.1520081
v -0.1581848 -0.1825887 -0.1113852
v -0.1810126 -0.1902921 -0.1224904
v -0.1968442 -0.2096118 -0.1314291
v -0.2014372 -0.2353709 -0.1358062
v -0.1935611 -0.2606672 -0.1344488
v -0.1753261 -0.2787229 -0.1277207
v -0.1516185 -0.2846997 -0.1174246
v -0.1287905 -0.2769961 -0.1063194
v -0.112959 -0.2576766 -0.09738067
v -0.108366 -0.2319175 -0.0930036
v -0.1162421 -0.2066211 -0.09436101
v -0.134477 -0.1885655 -0.1010891
v -0.1713085 -0.188064 -0.03307909
v -0.1963238 -0.1966801 -0.03113329
v -0.2137564 -0.2166677 -0.03051794
v -0.2189356 -0.2426713 -0.031398
v -0.2104733 -0.2677232 -0.03353763
v -0.1906372 -0.2851107 -0.03636354
v -0.1647422 -0.290175 -0.03911847
v -0.139727 -0.281559 -0.04106426
v -0.1222942 -0.2615713 -0.04167956
v -0.1171151 -0.2355677 -0.0407995
v -0.1255773 -0.2105159 -0.03865987
v -0.1454135 -0.1931282 -0.03583401
v -0.1435082 -0.1906842 0.04144841
v -0.16389 -0.199737 0.05581552
v -0.1779308 -0.2200444 0.0655238
v -0.1818684 -0.2461649 0.067972
v -0.1746478 -0.2710998 0.06250411
v -0.1582035 -0.2881677 0.05058527
v -0.1369419 -0.2927953 0.03540909
v -0.11656 -0.2837425 0.02104199
v -0.1025192 -0.2634351 0.0113337
v -0.09858155 -0.2373146 0.008885503
v -0.1058023 -0.2123797 0.01435339
v -0.1222466 -0.1953118 0.02627224
v -0.08223283 -0.1897473 0.09222764
v -0.0924021 -0.1986439 0.1150579
v -0.09896684 -0.2188369 0.1309617
v -0.100168 -0.2449157 0.1356776
v -0.09568381 -0.2698925 0.127942
v -0.08671558 -0.2870746 0.1098277
v -0.07566655 -0.2918583 0.08618826
v -0.06549728 -0.2829617 0.06335801
v -0.05893254 -0.2627686 0.04745424
v -0.05773139 -0.2366899 0.04273832
v -0.06221569 -0.2117132 0.05047393
v -0.0711838 -0.194531 0.06858826
v -0.003901243 -0.1855042 0.1056523
v -0.001015306 -0.1936936 0.1307201
v 0.001977086 -0.213369 0.1482618
v 0.00427413 -0.2392583 0.1535772
v 0.005260229 -0.2644244 0.1452421
v 0.004671216 -0.2821244 0.1254898
v 0.002665043 -0.2876152 0.09961301
v -0.0002208948 -0.2794259 0.07454526
v -0.003213286 -0.2597505 0.05700356
v -0.00551033 -0.2338612 0.05168813
v -0.006496429 -0.2086949 0.06002325
v -0.005907416 -0.1909951 0.07977551
v 0.07049787 -0.1790919 0.07812542
v 0.0857836 -0.1862127 0.09860528
v 0.0978533 -0.2051055 0.1127885
v 0.1034728 -0.2307085 0.1168746
v 0.1011364 -0.2561611 0.1097688
v 0.09147012 -0.2746433 0.09337503
v 0.07706404 -0.2812029 0.07208604
v 0.06177831 -0.2740822 0.05160612
v 0.0497086 -0.2551893 0.03742296
v 0.04408908 -0.2295864 0.03333682
v 0.04642546 -0.2041337 0.04044265
v 0.05609179 -0.1856515 0.05683643
v 0.1210291 -0.1722286 0.01702261
v 0.1447368 -0.1782054 0.02731872
v 0.1629717 -0.196261 0.03404683
v 0.1708479 -0.2215574 0.03540426
v 0.1662549 -0.2473165 0.0310272
v 0.1504233 -0.2666361 0.02208847
v 0.1275953 -0.2743396 0.01098323
v 0.1038877 -0.2683628 0.0006871819
v 0.08565271 -0.2503072 -0.00604099
v 0.07777667 -0.2250108 -0.007398367
v 0.08236969 -0.1992517 -0.0030213
v 0.09820116 -0.179932 0.00591743
v 0.1341529 -0.1667532 -0.06128362
v 0.1600479 -0.1718174 -0.06403854
v 0.179884 -0.1892051 -0.06686443
v 0.1883463 -0.214257 -0.06900406
v 0.1831671 -0.2402606 -0.06988412
v 0.1657344 -0.2602482 -0.06926882
v 0.1407192 -0.2688643 -0.06732297
v 0.1148242 -0.2638 -0.06456804
v 0.09498799 -0.2464124 -0.06174216
v 0.0865258 -0.2213606 -0.05960253
v 0.09170485 -0.195357 -0.05872247
v 0.1091377 -0.1753693 -0.05933779
v 0.2540882 0.1124784 -0.09145632
v 0.2526356 0.1189096 -0.0479539
v 0.1929146 0.1194218 -0.04836655
v 0.1943672 0.1129907 -0.09186897
v 0.2513903 0.1027161 -0.007061899
v 0.1916693 0.1032284 -0.007474542
v 0.250686 0.06823707 0.02026266
v 0.1909651 0.06874931 0.01985002
v 0.2507114 0.02471101 0.02669817
v 0.1909904 0.02522326 0.02628553
v 0.2514597 -0.01619923 0.01052028
v 0.1917387 -0.01568699 0.01010758
v 0.2527304 -0.04353189 -0.02393621
v 0.1930094 -0.04301953 -0.02434886
v 0.2541829 -0.049963 -0.06743866
v 0.1944619 -0.04945076 -0.06785133
v 0.2554282 -0.03376961 -0.1083306
v 0.1957072 -0.03325725 -0.1087433
v 0.2561325 0.0007095337 -0.1356552
v 0.1964115 0.001221776 -0.1360678
v 0.2561071 0.04423559 -0.1420907
v 0.1963861 0.04474783 -0.1425034
v 0.2553588 0.08514583 -0.1259128
v 0.1956378 0.08565807 -0.1263254
v 0.2764308 0.04054213 -0.128252
v 0.2773117 0.07011211 -0.1158558
v 0.2756335 0.008733988 -0.1241962
v 0.2751331 -0.01678896 -0.1047755
v 0.2750642 -0.0291878 -0.07519358
v 0.275445 -0.02514076 -0.04337674
v 0.2761734 -0.00573194 -0.01785052
v 0.2770543 0.02383852 -0.005454361
v 0.2778517 0.05564654 -0.00951004
v 0.278352 0.08116949 -0.02893084
v 0.2784209 0.09356844 -0.05851275
v 0.2780402 0.08952129 -0.09032962
v -0.2376058 0.1407412 -0.06296936
v -0.2394114 0.1457548 -0.01929396
v -0.3084843 0.1516206 -0.02060145
v -0.3066788 0.1466072 -0.06427684
v -0.2407153 0.1282432 0.02104926
v -0.3097882 0.134109 0.01974177
v -0.2411683 0.09289885 0.04725051
v -0.3102412 0.09876466 0.04594302
v -0.2406489 0.04919219 0.05228907
v -0.3097218 0.055058 0.05098158
v -0.2392964 0.008834243 0.03481489
v -0.3083693 0.01470017 0.03350741
v -0.2374731 -0.01736093 -0.0004897714
v -0.3065461 -0.01149499 -0.001797318
v -0.2356676 -0.02237439 -0.04416519
v -0.3047405 -0.01650858 -0.04547268
v -0.2343637 -0.004862785 -0.08450845
v -0.3034366 0.001003027 -0.08581594
v -0.2339107 0.03048158 -0.1107096
v -0.3029836 0.03634739 -0.1120172
v -0.2344301 0.07418823 -0.1157482
v -0.303503 0.08005404 -0.1170557
v -0.2357826 0.1145462 -0.09827405
v -0.3048555 0.120412 -0.09958154
v -0.3459291 0.1301568 -0.02978325
v -0.3459607 0.1259907 -0.06158707
v -0.3452353 0.1178764 -0.0001598597
v -0.344065 0.09244072 0.01934594
v -0.3427318 0.06066406 0.02350712
v -0.3415931 0.03106189 0.01120913
v -0.3409538 0.01156557 -0.01425302
v -0.3409854 0.007399082 -0.04605669
v -0.3416792 0.01967943 -0.07568023
v -0.3428495 0.04511559 -0.09518582
v -0.3441826 0.0768919 -0.09934729
v -0.3453214 0.1064941 -0.08704919
v 0.3025712 0.03671229 -0.1051633
v 0.3040581 0.05224061 -0.0972974
v 0.3024912 0.05609322 -0.1013734
v 0.3007566 0.03797698 -0.1105504
v 0.2983426 0.05909455 -0.1041471
v 0.2964265 0.03908372 -0.1142838
v 0.2927238 0.0604403 -0.1048752
v 0.2907413 0.03973591 -0.1153632
v 0.2871403 0.05976987 -0.1033627
v 0.2852242 0.03975892 -0.1134993
v 0.2830883 0.0572629 -0.1000147
v 0.2813536 0.03914654 -0.1091917
v 0.2816535 0.05359113 -0.09572852
v 0.2801666 0.03806281 -0.1035945
v 0.2832203 0.04973841 -0.09165248
v 0.2819812 0.03679812 -0.09820744
v 0.2873689 0.04673707 -0.08887881
v 0.2863113 0.0356915 -0.09447405
v 0.2929877 0.04539132 -0.08815068
v 0.2919965 0.03503919 -0.09339467
v 0.2985712 0.04606187 -0.08966324
v 0.2975136 0.03501618 -0.09525847
v 0.3026233 0.04856884 -0.09301117
v 0.3013842 0.03562856 -0.09956613
v 0.3056509 0.06172037 -0.08270949
v 0.3043497 0.06715298 -0.08435419
v 0.3003954 0.07131088 -0.08534804
v 0.2948477 0.07307994 -0.08542466
v 0.2891932 0.0719862 -0.08456358
v 0.2849467 0.06832254 -0.0829955
v 0.2832464 0.06307089 -0.08114061
v 0.2845478 0.05763817 -0.07949588
v 0.288502 0.05348027 -0.07850206
v 0.2940497 0.0517112 -0.07842541
v 0.2997043 0.05280507 -0.07928649
v 0.3039507 0.05646861 -0.08085456
v 0.3069233 0.06261146 -0.06530839
v 0.3058339 0.0681926 -0.06405291
v 0.3020349 0.07245934 -0.06292367
v 0.296544 0.0742681 -0.0622232
v 0.2908326 0.07313454 -0.06213924
v 0.286431 0.06936228 -0.06269422
v 0.2845186 0.06396198 -0.06373951
v 0.2856079 0.05838084 -0.06499496
v 0.289407 0.05411422 -0.06612423
v 0.2948979 0.05230534 -0.06682467
v 0.3006092 0.0534389 -0.06690866
v 0.3050109 0.05721128 -0.06635365
v 0.3075339 0.05467522 -0.04975671
v 0.3065463 0.05893373 -0.04590935
v 0.3028218 0.06223202 -0.04288262
v 0.2973582 0.06368649 -0.04148769
v 0.2916194 0.06290734 -0.04209822
v 0.2871433 0.0601033 -0.04455066
v 0.2851293 0.05602574 -0.04818785
v 0.2861168 0.05176723 -0.05203527
v 0.2898413 0.04846895 -0.05506194
v 0.2953049 0.04701447 -0.05645692
v 0.3010436 0.04779363 -0.05584639
v 0.3055197 0.05059767 -0.05339393
v 0.3073192 0.04003811 -0.04022157
v 0.3062959 0.041857 -0.03478497
v 0.3025452 0.04336953 -0.03059489
v 0.2970719 0.04417038 -0.02877414
v 0.2913429 0.04404485 -0.02981049
v 0.286893 0.04302669 -0.03342628
v 0.2849146 0.04138863 -0.03865272
v 0.2859379 0.03956962 -0.04408932
v 0.2896887 0.03805721 -0.04827935
v 0.2951618 0.03725636 -0.05010015
v 0.3008909 0.03738189 -0.0490638
v 0.3053409 0.03840005 -0.04544795
v 0.3063369 0.02262211 -0.03925782
v 0.3051499 0.02153838 -0.03366059
v 0.3012793 0.020926 -0.02935296
v 0.2957622 0.02094901 -0.02748913
v 0.290077 0.0216012 -0.02856857
v 0.2857469 0.02270794 -0.03230196
v 0.2839323 0.02397263 -0.03768897
v 0.2851193 0.02505636 -0.0432862
v 0.2889899 0.02566874 -0.04759383
v 0.294507 0.02564573 -0.04945767
v 0.3001922 0.02499342 -0.04837829
v 0.3045223 0.0238868 -0.04464489
v 0.30485 0.007093787 -0.04712379
v 0.3034152 0.003422022 -0.04283756
v 0.2993633 0.0009150505 -0.03948963
v 0.2937797 0.0002446175 -0.03797704
v 0.2881609 0.001590371 -0.03870517
v 0.2840123 0.004591703 -0.04147887
v 0.2824454 0.008444309 -0.04555488
v 0.2838802 0.01211607 -0.04984111
v 0.2879323 0.01462305 -0.05318907
v 0.2935158 0.0152936 -0.05470163
v 0.2991346 0.01394784 -0.0539735
v 0.3032832 0.01094651 -0.05119982
v 0.3032571 -0.002385974 -0.0617117
v 0.3015568 -0.00763762 -0.0598568
v 0.2973104 -0.01130128 -0.05828872
v 0.2916558 -0.01239502 -0.05742764
v 0.2861081 -0.01062596 -0.0575043
v 0.2821538 -0.006468058 -0.05849811
v 0.2808526 -0.001035452 -0.06014282
v 0.2825528 0.004216313 -0.06199774
v 0.2867992 0.007879853 -0.06356582
v 0.2924538 0.008973718 -0.0644269
v 0.2980015 0.007204652 -0.06435025
v 0.3019557 0.003046751 -0.06335643
v 0.3019849 -0.003277063 -0.0791128
v 0.3000726 -0.008677363 -0.08015808
v 0.2956709 -0.01244962 -0.08071306
v 0.2899595 -0.01358318 -0.08062911
v 0.2844687 -0.01177442 -0.07992864
v 0.2806696 -0.007507682 -0.0787994
v 0.2795802 -0.001926541 -0.07754391
v 0.2814926 0.003473639 -0.07649866
v 0.2858943 0.007246017 -0.07594365
v 0.2916056 0.008379579 -0.07602763
v 0.2970965 0.006570697 -0.07672808
v 0.3008956 0.002304077 -0.07785735
v 0.3013742 0.004659176 -0.09466445
v 0.2993602 0.0005816221 -0.09830168
v 0.2948841 -0.002222419 -0.1007541
v 0.2891454 -0.003001571 -0.1013646
v 0.2836818 -0.001547098 -0.09996966
v 0.2799572 0.001751184 -0.09694299
v 0.2789696 0.006009698 -0.09309557
v 0.2809838 0.01008725 -0.08945835
v 0.2854599 0.01289129 -0.08700591
v 0.2911986 0.01367044 -0.08639538
v 0.2966622 0.01221597 -0.08779037
v 0.3003867 0.008917689 -0.09081703
v 0.3015889 0.01929629 -0.1041996
v 0.2996105 0.01765823 -0.109426
v 0.2951607 0.01664007 -0.1130418
v 0.2894316 0.01651466 -0.1140782
v 0.2839583 0.01731539 -0.1122574
v 0.2802076 0.01882792 -0.1080673
v 0.2791843 0.02064681 -0.1026307
v 0.2811626 0.02228487 -0.09740433
v 0.2856126 0.02330303 -0.09378853
v 0.2913417 0.02342856 -0.09275216
v 0.2968148 0.02262771 -0.09457296
v 0.3005656 0.0211153 -0.09876302
v -0.3650932 0.07780921 0.003337443
v -0.3665835 0.09348631 -0.004226685
v -0.36497 0.0972569 -9.23872E-05
v -0.3632313 0.07896686 0.008732378
v -0.3607882 0.100191 0.002703369
v -0.3588677 0.07998824 0.01245105
v -0.3551587 0.1015025 0.003411472
v -0.3531717 0.08059967 0.01349699
v -0.34959 0.1008401 0.00184226
v -0.3476695 0.08063722 0.01158994
v -0.3455741 0.09838104 -0.001583874
v -0.3438354 0.080091 0.007240951
v -0.3441871 0.0947845 -0.005948842
v -0.3426968 0.07910728 0.001615286
v -0.3458007 0.09101391 -0.01008308
v -0.3445588 0.07794964 -0.00377965
v -0.3499824 0.08807981 -0.01287884
v -0.3489223 0.07692826 -0.007498324
v -0.3556119 0.08676827 -0.013587
v -0.3546183 0.07631683 -0.008544266
v -0.3611806 0.08743083 -0.01201779
v -0.3601205 0.07627928 -0.006637216
v -0.3651965 0.08988976 -0.008591652
v -0.3639546 0.0768255 -0.002288222
v -0.368256 0.1032416 -0.01862288
v -0.3669211 0.1086379 -0.01688796
v -0.3629434 0.1127622 -0.0158487
v -0.3573887 0.1145093 -0.01578349
v -0.3517452 0.1134113 -0.0167098
v -0.3475253 0.1097621 -0.01837945
v -0.3458595 0.1045396 -0.02034503
v -0.3471944 0.09914327 -0.02207994
v -0.351172 0.09501898 -0.02311921
v -0.3567268 0.09327173 -0.02318448
v -0.3623703 0.09436989 -0.02225816
v -0.3665902 0.09801912 -0.02058852
v -0.3696623 0.1044607 -0.03599375
v -0.3685619 0.1100603 -0.03715396
v -0.3647558 0.1143334 -0.03823406
v -0.3592639 0.116135 -0.0389446
v -0.3535576 0.1149825 -0.03909516
v -0.3491661 0.1111845 -0.03864545
v -0.347266 0.1057589 -0.03771591
v -0.3483664 0.1001593 -0.03655565
v -0.3521725 0.09588623 -0.03547555
v -0.3576644 0.09408462 -0.03476501
v -0.3633707 0.09523714 -0.03461444
v -0.3677622 0.09903514 -0.03506422
v -0.3704259 0.09681737 -0.05168471
v -0.3694528 0.1011431 -0.05546013
v -0.3657398 0.1044836 -0.05845466
v -0.3602819 0.1059439 -0.05986589
v -0.3545416 0.1051327 -0.05931574
v -0.3500569 0.1022673 -0.05695158
v -0.3480295 0.09811556 -0.05340689
v -0.3490027 0.09378982 -0.04963148
v -0.3527156 0.09044933 -0.04663694
v -0.3581734 0.08898902 -0.04522568
v -0.3639138 0.08980024 -0.04577583
v -0.3683985 0.09266567 -0.04813999
v -0.370342 0.08235943 -0.06149143
v -0.3693548 0.08427548 -0.0669013
v -0.3656317 0.08585203 -0.07109234
v -0.3601701 0.0866667 -0.07294154
v -0.3544335 0.08650112 -0.07195342
v -0.349959 0.08539975 -0.06839275
v -0.3479456 0.08365762 -0.06321362
v -0.3489327 0.08174157 -0.05780375
v -0.3526559 0.08016503 -0.05361271
v -0.3581175 0.07935035 -0.0517635
v -0.3638541 0.07951593 -0.05275163
v -0.3683286 0.08061731 -0.05631229
v -0.3694332 0.06496096 -0.06278622
v -0.3682945 0.06397724 -0.06841189
v -0.3644605 0.06343102 -0.07276088
v -0.3589582 0.06346858 -0.0746679
v -0.3532622 0.06408 -0.07362196
v -0.3488986 0.06510139 -0.06990331
v -0.3470367 0.06625903 -0.06450838
v -0.3481753 0.06724274 -0.05888271
v -0.3520094 0.06778896 -0.05453372
v -0.3575116 0.06775141 -0.0526267
v -0.3632076 0.06713998 -0.05367261
v -0.3675712 0.0661186 -0.05739126
v -0.3679428 0.04928374 -0.05522209
v -0.3665558 0.0456872 -0.05958706
v -0.3625399 0.04322815 -0.0630132
v -0.3569712 0.0425657 -0.06458241
v -0.3513417 0.04387724 -0.06387427
v -0.34716 0.04681134 -0.06107852
v -0.3455464 0.05058193 -0.05694425
v -0.3469334 0.05417848 -0.05257928
v -0.3509493 0.05663741 -0.04915315
v -0.3565181 0.05729997 -0.04758394
v -0.3621475 0.05598843 -0.0482921
v -0.3663293 0.05305421 -0.05108783
v -0.3662704 0.03952861 -0.0408259
v -0.3646047 0.03430617 -0.04279149
v -0.3603847 0.03065693 -0.04446113
v -0.3547413 0.0295589 -0.04538745
v -0.3491865 0.03130603 -0.04532224
v -0.3452088 0.03543031 -0.04428291
v -0.343874 0.04082668 -0.04254806
v -0.3455397 0.04604924 -0.04058242
v -0.3497597 0.04969835 -0.03891277
v -0.3554031 0.05079651 -0.03798646
v -0.3609579 0.04904926 -0.03805172
v -0.3649356 0.04492497 -0.03909099
v -0.364864 0.03830934 -0.02345502
v -0.3629639 0.03288376 -0.02252549
v -0.3585723 0.02908576 -0.02207577
v -0.3528661 0.02793324 -0.02222633
v -0.3473741 0.02973485 -0.02293688
v -0.343568 0.03400791 -0.02401698
v -0.3424676 0.03960752 -0.02517724
v -0.3443677 0.0450331 -0.02610672
v -0.3487593 0.04883111 -0.02655649
v -0.3544655 0.04998362 -0.02640593
v -0.3599575 0.04818201 -0.02569538
v -0.3637636 0.04390895 -0.02461529
v -0.3641005 0.04595268 -0.007764041
v -0.3620731 0.04180098 -0.004219353
v -0.3575884 0.03893554 -0.001855195
v -0.351848 0.03812432 -0.001305044
v -0.3463901 0.03958464 -0.002716303
v -0.3426772 0.04292512 -0.00571084
v -0.3417041 0.04725087 -0.009486258
v -0.3437315 0.05140257 -0.01303095
v -0.3482162 0.054268 -0.0153951
v -0.3539565 0.05507922 -0.01594526
v -0.3594143 0.05361891 -0.014534
v -0.3631273 0.05027843 -0.01153946
v -0.3641844 0.06041062 0.002042711
v -0.3621709 0.05866861 0.007221818
v -0.3576965 0.05756712 0.01078248
v -0.3519599 0.05740154 0.01177061
v -0.3464983 0.05821621 0.009921432
v -0.3427751 0.05979276 0.005730391
v -0.3417879 0.06170881 0.0003204942
v -0.3438014 0.06345093 -0.004858673
v -0.3482758 0.06455231 -0.008419335
v -0.3540124 0.06471789 -0.009407401
v -0.359474 0.06390321 -0.007558227
v -0.3631972 0.06232667 -0.003367186
v 0.1287817 -0.2022296 0.08837837
v 0.1214088 -0.2055436 0.09998256
v 0.1219262 -0.2029355 0.08401734
v 0.128518 -0.2035586 0.09651375
v 0.1334566 -0.2067722 0.1072863
v 0.1344227 -0.2019025 0.07747722
v 0.1408294 -0.2034582 0.09568202
v 0.1410145 -0.2025256 0.08997363
v 0.03053761 -0.1198777 0.1440278
v 0.02372622 -0.1156269 0.132386
v 0.03607154 -0.1121241 0.1264426
v 0.04288292 -0.1163749 0.1380844
v 0.1223068 -0.1911347 0.08782214
v 0.1290222 -0.1941603 0.09989482
v 0.1347274 -0.188625 0.08154243
v 0.1414428 -0.1916506 0.09361511
v 0.1226578 -0.1809043 0.08261549
v 0.1293762 -0.1839823 0.09467328
v 0.1350787 -0.1784006 0.076334
v 0.1417971 -0.1814786 0.08839178
v 0.1182842 -0.1707236 0.0828923
v 0.1250134 -0.1739696 0.09489989
v 0.130686 -0.1679207 0.07670009
v 0.1374152 -0.1711668 0.08870769
v 0.1149775 -0.1604918 0.09022021
v 0.1217173 -0.1638824 0.1021818
v 0.1273688 -0.1575462 0.08407342
v 0.1341087 -0.1609367 0.096035
v 0.1109349 -0.1537205 0.09816974
v 0.1176841 -0.1572293 0.1100918
v 0.123313 -0.1506089 0.09207833
v 0.1300622 -0.1541177 0.1040004
v 0.107354 -0.1496226 0.1090519
v 0.1141095 -0.1532041 0.1209489
v 0.1197269 -0.1464485 0.1029821
v 0.1264824 -0.15003 0.114879
v 0.1050881 -0.1387544 0.111222
v 0.1118561 -0.1424867 0.1230654
v 0.1174608 -0.135579 0.1051526
v 0.1242288 -0.1393113 0.116996
v 0.09763682 -0.1330445 0.117312
v 0.1044108 -0.136851 0.1291283
v 0.1100045 -0.1298074 0.1112651
v 0.1167785 -0.1336138 0.1230814
v 0.08830345 -0.1271551 0.1193558
v 0.09509039 -0.1311136 0.1311145
v 0.1006556 -0.1237351 0.1133782
v 0.1074425 -0.1276937 0.125137
v 0.08024323 -0.119778 0.1186582
v 0.08703351 -0.1237762 0.1304015
v 0.09259963 -0.1164076 0.1126614
v 0.09938991 -0.1204058 0.1244047
v 0.0700649 -0.1167649 0.1214427
v 0.07686043 -0.1208251 0.1331617
v 0.08241868 -0.113364 0.1154578
v 0.08921421 -0.1174241 0.1271768
v 0.05927777 -0.1150573 0.1248671
v 0.06607902 -0.1191858 0.1365588
v 0.07163036 -0.1116422 0.1188878
v 0.07843161 -0.1157707 0.1305796
v 0.04776967 -0.1143378 0.1273184
v 0.05457819 -0.1185542 0.1389745
v 0.06011927 -0.1108865 0.1213538
v 0.06692779 -0.1151029 0.1330099
v 0.03628874 -0.1152942 0.1322836
v 0.04309654 -0.1195022 0.1439431
v 0.04863644 -0.1118201 0.1263283
v 0.05544424 -0.1160281 0.1379879
v 0.03181744 -0.1145927 0.1371788
v 0.02500439 -0.1103233 0.1255447
v 0.03607154 -0.1121241 0.1264426
v 0.04288292 -0.1163749 0.1380844
v 0.01266026 -0.1138402 0.1314823
v 0.02372622 -0.1156269 0.132386
v 0.01947331 -0.1181096 0.1431164
v 0.03053761 -0.1198777 0.1440278
v -0.0351975 -0.1188309 0.1331583
v -0.0363977 -0.1141146 0.1198801
v -0.02272797 -0.1104901 0.1199324
v -0.02152777 -0.1152064 0.1332107
v 0.00215292 -0.1108756 0.1329933
v 0.008970618 -0.1152011 0.144604
v 0.01449883 -0.1073812 0.1270463
v 0.02131653 -0.1117067 0.138657
v -0.008602738 -0.1082058 0.1316352
v -0.001774669 -0.1126611 0.1431905
v 0.003738046 -0.1046479 0.1257154
v 0.01056612 -0.1091032 0.1372706
v -0.0002709627 -0.1084212 0.1318482
v -0.007900834 -0.1125028 0.143034
v -0.01209342 -0.1042387 0.1253108
v -0.0197233 -0.1083204 0.1364966
v -0.008683801 -0.1125717 0.1279697
v -0.01632953 -0.1177806 0.1386658
v -0.02053404 -0.1103679 0.1205728
v -0.02817976 -0.1155767 0.1312689
v -0.01277375 -0.09322107 0.1384817
v -0.01434803 -0.09727907 0.147875
v -0.05361915 -0.09911692 0.1404997
v -0.05204499 -0.09505892 0.1311063
v -0.01512134 -0.1055497 0.1540539
v -0.05439258 -0.1073875 0.1466786
v -0.01488674 -0.1158166 0.1553628
v -0.05415785 -0.1176546 0.1479875
v -0.0137068 -0.125329 0.1514511
v -0.05297804 -0.127167 0.1440758
v -0.01189804 -0.131538 0.1433668
v -0.05116916 -0.1333759 0.1359914
v -0.009944797 -0.1327798 0.133276
v -0.04921603 -0.1346177 0.1259007
v -0.008370638 -0.1287218 0.1238827
v -0.04764175 -0.1305597 0.1165074
v -0.007597208 -0.1204512 0.1177038
v -0.04686844 -0.1222891 0.1103285
v -0.007831931 -0.1101842 0.1163948
v -0.04710305 -0.1120222 0.1090195
v -0.009011745 -0.1006718 0.1203066
v -0.04828298 -0.1025097 0.1129313
v -0.01082063 -0.09446287 0.128391
v -0.05009174 -0.09630072 0.1210156
vn -7.91646E-08 -0.5343295 -0.8452764
vn -0.5400958 1.472367E-07 0.8416035
vn -0.6935127 -0.7204444 2.125263E-07
vn -7.153128E-08 0.8244264 -0.5659693
vn -0.7376437 -1.612324E-07 -0.6751902
vn 1 1.832154E-15 -1.087306E-07
vn -0.7376437 0.6751902 -1.170036E-07
vn -0.7376433 1.354937E-07 0.6751906
vn -0.7376448 -0.6751891 2.02302E-07
vn -1 -4.966748E-14 -5.508621E-08
vn 0.5659698 0.824426 -2.357898E-07
vn 5.471693E-08 0.8244261 0.5659697
vn -0.5659696 0.8244261 -1.715907E-07
vn -7.259088E-08 0.9809431 -0.1942951
vn 0.1942949 0.9809431 -3.536107E-07
vn -2.578448E-08 0.9809432 0.1942947
vn -0.1942951 0.9809431 -3.475411E-07
vn -5.678869E-08 1 -3.942825E-07
vn 1.160886E-07 0.5400954 0.8416039
vn 0.5400958 2.103084E-07 0.8416035
vn 5.024186E-08 -0.5400952 0.8416039
vn 3.033735E-08 2.823703E-07 1
vn 0.5343296 -1.629327E-07 -0.8452763
vn -1.014617E-07 0.5343291 -0.8452765
vn -0.5343297 -1.218238E-07 -0.8452762
vn -6.983598E-08 -2.519581E-07 -1
vn 2.671023E-08 -0.7204443 0.6935129
vn 0.6935126 -0.7204445 1.402528E-07
vn -5.254961E-08 -0.7204447 -0.6935124
vn -3.580013E-08 -1 3.525895E-07
vn -1 1.973397E-08 -8.742278E-08
vn 1 -1.973397E-08 8.742278E-08
vn -1.524147E-14 -1 1.743421E-07
vn 1.524147E-14 1 -1.743421E-07
vn -1 1.676351E-08 2.240883E-06
vn 1.440709E-08 -1.748456E-07 -1
vn 7.744048E-14 1 -5.683292E-07
vn -1.514612E-06 -1.003398E-07 -1
vn -1.548902E-14 -1 1.771738E-07
vn -8.593277E-08 1.748456E-07 1
vn 1.060898E-06 -1 1.062112E-07
vn -1 -1.055407E-08 3.675369E-08
vn -1.643987E-06 1 -3.360052E-07
vn -1 1.150833E-07 1.402694E-06
vn -1.861996E-13 -1 5.73944E-08
vn 1.205672E-06 1.748456E-07 1
vn 2.00499E-13 1 -4.832259E-10
vn 1 1.013269E-07 -1.402692E-06
vn -1.039318E-12 -1 -4.582895E-07
vn 1 1.16458E-07 -1.402693E-06
vn 2.995751E-13 1 1.270014E-08
vn 2.06191E-06 -1.141917E-08 1
vn -2.120513E-12 -1 -1.078947E-06
vn 1 2.058832E-08 -2.350948E-06
vn 3.034131E-13 1 -2.318612E-08
vn -1.718924E-06 -2.583386E-08 -1
vn 4.292243E-07 -1 3.080572E-06
vn -1.655537E-06 -1.003398E-07 -1
vn -2.348623E-07 1 -3.717413E-06
vn -1 -9.485106E-09 -2.728989E-06
vn -1.554904E-06 1 4.867126E-08
vn 1 1.246742E-07 8.742276E-08
vn 1.036608E-06 -1 3.896901E-06
vn 1.650833E-06 1.748456E-07 1
vn -1.192093E-07 -1.651249E-07 1
vn 1.192093E-07 1.651249E-07 -1
vn 1.651249E-07 -1 -1.748456E-07
vn -1.651249E-07 1 1.748456E-07
vn 1 1.748456E-07 1.094886E-07
vn -1 -1.748456E-07 -1.094886E-07
vn -1.192093E-07 -1.651249E-07 1
vn 1.192093E-07 1.651249E-07 -1
vn 1.651249E-07 -1 -1.748456E-07
vn -1.651249E-07 1 1.748456E-07
vn 1 1.748456E-07 1.094886E-07
vn -1 -1.748456E-07 -1.094886E-07
vn -1.192093E-07 9.720678E-09 1
vn 1.192093E-07 -9.720678E-09 -1
vn 1.651249E-07 -1 -1.158795E-15
vn -1.651249E-07 1 1.158795E-15
vn 1 1.748456E-07 1.094886E-07
vn -1 -1.748456E-07 -1.094886E-07
vn -1 9.720679E-09 -8.742278E-08
vn 1 -9.720679E-09 8.742278E-08
vn -1.443567E-14 -1 1.651249E-07
vn 1.443567E-14 1 -1.651249E-07
vn -7.77021E-08 1.748456E-07 1
vn 7.77021E-08 -1.748456E-07 -1
vn -1.480803E-07 -5.384582E-15 1
vn 1.480803E-07 5.384582E-15 -1
vn -1 6.448779E-08 -1.788139E-07
vn 1 -6.448779E-08 1.788139E-07
vn 1.252752E-16 -1 5.90792E-08
vn -1.252752E-16 1 -5.90792E-08
vn -1 -7.023E-17 -8.683364E-08
vn 1 7.023E-17 8.683364E-08
vn 8.742278E-08 9.406355E-08 -1
vn -8.742278E-08 -9.406355E-08 1
vn -1.523983E-09 -1 1.192093E-07
vn 1.523983E-09 1 -1.192093E-07
vn 1 2.997603E-15 2.514572E-08
vn -1 -2.997603E-15 -2.514572E-08
vn 0 1.176853E-07 1
vn 0 -1.176853E-07 -1
vn -5.891321E-10 -1 1.192093E-07
vn 5.891321E-10 1 -1.192093E-07
vn 0.06918439 0.9636114 0.2581989
vn 0.186157 0.6947464 0.6947467
vn 0.250563 0.2505629 0.935113
vn 0.2505629 -0.250563 0.9351131
vn 0.1861568 -0.6947465 0.6947467
vn 0.06918412 -0.9636114 0.258199
vn -0.06918442 -0.9636113 -0.2581991
vn -0.1861572 -0.6947463 -0.6947468
vn -0.2505631 -0.2505629 -0.9351131
vn -0.2505631 0.250563 -0.9351131
vn -0.1861569 0.6947464 -0.6947467
vn -0.06918402 0.9636115 -0.2581986
vn 0.189015 0.9636113 0.1890148
vn 0.50859 0.6947465 0.5085899
vn 0.6845503 0.2505627 0.6845503
vn 0.6845503 -0.250563 0.6845503
vn 0.5085897 -0.6947467 0.5085897
vn 0.1890146 -0.9636114 0.1890148
vn -0.189015 -0.9636113 -0.1890147
vn -0.50859 -0.6947464 -0.5085899
vn -0.6845504 -0.2505628 -0.6845503
vn -0.6845503 0.2505631 -0.6845503
vn -0.5085898 0.6947466 -0.5085899
vn -0.1890144 0.9636115 -0.1890145
vn 0.2581992 0.9636113 0.06918418
vn 0.6947469 0.6947464 0.1861567
vn 0.9351133 0.2505627 0.2505625
vn 0.9351131 -0.2505631 0.2505627
vn 0.6947466 -0.6947467 0.1861566
vn 0.2581989 -0.9636114 0.06918418
vn -0.2581992 -0.9636113 -0.06918418
vn -0.694747 -0.6947463 -0.1861568
vn -0.9351133 -0.2505626 -0.2505627
vn -0.9351132 0.2505629 -0.2505626
vn -0.6947467 0.6947466 -0.1861567
vn -0.2581986 0.9636115 -0.06918407
vn 0.2581991 0.9636113 -0.06918427
vn 0.6947469 0.6947464 -0.186157
vn 0.9351131 0.2505626 -0.250563
vn 0.9351131 -0.2505629 -0.250563
vn 0.6947464 -0.6947468 -0.1861569
vn 0.2581989 -0.9636114 -0.06918427
vn -0.2581992 -0.9636113 0.06918425
vn -0.6947469 -0.6947463 0.1861569
vn -0.9351131 -0.2505628 0.2505631
vn -0.935113 0.2505631 0.250563
vn -0.6947466 0.6947466 0.186157
vn -0.2581985 0.9636115 0.06918417
vn 0.189015 0.9636113 -0.1890148
vn 0.5085899 0.6947464 -0.5085899
vn 0.6845503 0.2505626 -0.6845505
vn 0.6845502 -0.2505629 -0.6845505
vn 0.5085896 -0.6947468 -0.5085898
vn 0.1890146 -0.9636114 -0.1890148
vn -0.1890151 -0.9636113 0.1890149
vn -0.50859 -0.6947464 0.50859
vn -0.6845503 -0.2505628 0.6845504
vn -0.6845502 0.2505631 0.6845505
vn -0.5085897 0.6947467 0.5085899
vn -0.1890143 0.9636115 0.1890146
vn 0.06918433 0.9636114 -0.258199
vn 0.1861568 0.6947466 -0.6947467
vn 0.2505628 0.2505628 -0.9351131
vn 0.2505627 -0.2505626 -0.9351133
vn 0.1861566 -0.6947467 -0.6947466
vn 0.06918406 -0.9636114 -0.2581991
vn -0.06918431 -0.9636114 0.258199
vn -0.1861568 -0.6947464 0.6947468
vn -0.2505628 -0.250563 0.9351131
vn -0.2505627 0.250563 0.9351131
vn -0.1861566 0.6947466 0.6947467
vn -0.06918392 0.9636115 0.2581987
vn -0.06918412 0.9636114 -0.258199
vn -0.1861569 0.6947466 -0.6947467
vn -0.2505631 0.2505622 -0.9351133
vn -0.2505631 -0.2505621 -0.9351132
vn -0.186157 -0.6947469 -0.6947463
vn -0.06918451 -0.9636114 -0.258199
vn 0.06918407 -0.9636114 0.258199
vn 0.1861569 -0.6947466 0.6947466
vn 0.2505631 -0.2505629 0.9351131
vn 0.2505632 0.2505625 0.9351131
vn 0.1861572 0.6947464 0.6947467
vn 0.06918442 0.9636114 0.2581986
vn -0.1890146 0.9636114 -0.1890147
vn -0.5085899 0.6947466 -0.5085897
vn -0.6845505 0.2505627 -0.6845502
vn -0.6845506 -0.2505624 -0.6845502
vn -0.50859 -0.6947467 -0.5085896
vn -0.189015 -0.9636114 -0.1890147
vn 0.1890148 -0.9636114 0.1890148
vn 0.5085899 -0.6947466 0.5085899
vn 0.6845505 -0.2505628 0.6845502
vn 0.6845505 0.2505626 0.6845503
vn 0.5085901 0.6947464 0.5085898
vn 0.1890147 0.9636114 0.1890145
vn -0.2581989 0.9636114 -0.06918419
vn -0.6947466 0.6947466 -0.1861568
vn -0.9351131 0.2505631 -0.2505625
vn -0.9351132 -0.2505627 -0.2505627
vn -0.6947469 -0.6947465 -0.1861566
vn -0.2581992 -0.9636113 -0.06918419
vn 0.2581989 -0.9636114 0.06918419
vn 0.6947469 -0.6947464 0.1861568
vn 0.9351132 -0.250563 0.2505627
vn 0.9351133 0.2505626 0.2505626
vn 0.6947469 0.6947463 0.1861567
vn 0.2581988 0.9636114 0.06918409
vn -0.2581988 0.9636114 0.06918424
vn -0.6947466 0.6947467 0.1861569
vn -0.9351131 0.2505631 0.2505628
vn -0.9351131 -0.2505628 0.2505629
vn -0.6947467 -0.6947466 0.1861569
vn -0.2581992 -0.9636113 0.06918424
vn 0.2581988 -0.9636114 -0.06918424
vn 0.6947467 -0.6947465 -0.1861569
vn 0.935113 -0.2505629 -0.250563
vn 0.9351132 0.2505627 -0.2505629
vn 0.6947468 0.6947464 -0.1861569
vn 0.2581988 0.9636114 -0.06918416
vn -0.1890147 0.9636114 0.1890149
vn -0.5085896 0.6947467 0.5085899
vn -0.6845502 0.250563 0.6845505
vn -0.6845503 -0.2505627 0.6845505
vn -0.50859 -0.6947464 0.50859
vn -0.1890149 -0.9636114 0.1890148
vn 0.1890147 -0.9636114 -0.1890149
vn 0.5085898 -0.6947464 -0.50859
vn 0.6845502 -0.2505627 -0.6845505
vn 0.6845503 0.2505625 -0.6845505
vn 0.5085899 0.6947466 -0.5085898
vn 0.1890148 0.9636114 -0.1890146
vn -0.06918399 0.9636114 0.258199
vn -0.1861564 0.6947467 0.6947466
vn -0.2505624 0.2505631 0.9351131
vn -0.2505626 -0.2505626 0.9351133
vn -0.1861567 -0.6947463 0.694747
vn -0.06918424 -0.9636114 0.258199
vn 0.06918398 -0.9636114 -0.2581991
vn 0.1861565 -0.6947466 -0.6947468
vn 0.2505625 -0.2505626 -0.9351133
vn 0.2505626 0.2505626 -0.9351133
vn 0.1861566 0.6947467 -0.6947466
vn 0.06918422 0.9636114 -0.2581987
vn 0.06918439 0.9636114 0.2581989
vn 0.1861572 0.6947461 0.694747
vn 0.2505631 0.2505625 0.9351132
vn 0.2505629 -0.250563 0.9351131
vn 0.1861568 -0.6947466 0.6947466
vn 0.06918398 -0.9636114 0.2581987
vn -0.06918444 -0.9636114 -0.2581991
vn -0.186157 -0.6947466 -0.6947467
vn -0.250563 -0.2505627 -0.9351131
vn -0.2505629 0.2505628 -0.9351131
vn -0.1861567 0.6947467 -0.6947466
vn -0.06918402 0.9636115 -0.2581987
vn 0.1890149 0.9636114 0.1890147
vn 0.50859 0.6947465 0.5085899
vn 0.6845505 0.2505628 0.6845502
vn 0.6845504 -0.2505628 0.6845503
vn 0.5085897 -0.6947467 0.5085897
vn 0.1890145 -0.9636115 0.1890147
vn -0.1890151 -0.9636113 -0.1890148
vn -0.5085902 -0.6947463 -0.50859
vn -0.6845504 -0.2505628 -0.6845503
vn -0.6845503 0.2505631 -0.6845503
vn -0.5085897 0.6947467 -0.5085898
vn -0.1890144 0.9636115 -0.1890145
vn 0.258199 0.9636114 0.06918413
vn 0.6947468 0.6947465 0.1861567
vn 0.9351133 0.2505625 0.2505627
vn 0.9351133 -0.2505628 0.2505626
vn 0.6947466 -0.6947468 0.1861566
vn 0.2581987 -0.9636115 0.06918413
vn -0.2581992 -0.9636113 -0.06918418
vn -0.694747 -0.6947463 -0.1861567
vn -0.9351133 -0.2505626 -0.2505625
vn -0.9351132 0.2505629 -0.2505627
vn -0.6947466 0.6947467 -0.1861566
vn -0.2581985 0.9636115 -0.06918407
vn 0.258199 0.9636114 -0.06918422
vn 0.6947468 0.6947464 -0.186157
vn 0.9351132 0.2505628 -0.2505629
vn 0.935113 -0.250563 -0.2505629
vn 0.6947466 -0.6947467 -0.186157
vn 0.2581987 -0.9636115 -0.06918422
vn -0.2581993 -0.9636113 0.06918429
vn -0.6947469 -0.6947464 0.1861569
vn -0.9351131 -0.2505626 0.250563
vn -0.9351131 0.2505629 0.2505629
vn -0.6947464 0.6947467 0.1861569
vn -0.2581984 0.9636115 0.06918415
vn 0.1890149 0.9636114 -0.1890147
vn 0.50859 0.6947464 -0.50859
vn 0.6845503 0.2505629 -0.6845503
vn 0.6845502 -0.2505632 -0.6845504
vn 0.5085897 -0.6947466 -0.50859
vn 0.1890145 -0.9636115 -0.1890148
vn -0.1890151 -0.9636113 0.1890149
vn -0.5085898 -0.6947466 0.5085899
vn -0.6845503 -0.2505626 0.6845505
vn -0.6845502 0.2505629 0.6845505
vn -0.5085896 0.6947467 0.5085899
vn -0.1890143 0.9636115 0.1890145
vn 0.06918428 0.9636114 -0.2581989
vn 0.1861569 0.6947465 -0.6947467
vn 0.2505627 0.2505628 -0.9351131
vn 0.2505626 -0.250563 -0.9351131
vn 0.1861566 -0.6947467 -0.6947466
vn 0.06918395 -0.9636114 -0.2581989
vn -0.06918434 -0.9636114 0.2581991
vn -0.1861567 -0.6947465 0.6947467
vn -0.2505627 -0.2505628 0.9351131
vn -0.2505626 0.2505628 0.9351132
vn -0.1861566 0.6947466 0.6947468
vn -0.06918387 0.9636115 0.2581987
vn -0.06918408 0.9636114 -0.2581988
vn -0.1861569 0.6947464 -0.6947469
vn -0.2505631 0.2505622 -0.9351133
vn -0.2505631 -0.2505622 -0.9351132
vn -0.1861571 -0.6947465 -0.6947466
vn -0.06918437 -0.9636115 -0.2581986
vn 0.06918409 -0.9636114 0.2581991
vn 0.1861568 -0.6947466 0.6947466
vn 0.250563 -0.2505626 0.9351131
vn 0.2505631 0.2505626 0.9351131
vn 0.1861572 0.6947464 0.6947467
vn 0.06918439 0.9636114 0.2581986
vn -0.1890145 0.9636115 -0.1890146
vn -0.5085899 0.6947467 -0.5085897
vn -0.6845506 0.2505625 -0.6845502
vn -0.6845507 -0.2505623 -0.6845502
vn -0.50859 -0.6947467 -0.5085896
vn -0.1890149 -0.9636114 -0.1890147
vn 0.1890147 -0.9636114 0.1890148
vn 0.50859 -0.6947465 0.5085899
vn 0.6845505 -0.2505629 0.6845502
vn 0.6845505 0.2505627 0.6845502
vn 0.5085902 0.6947464 0.5085898
vn 0.1890147 0.9636114 0.1890145
vn -0.2581987 0.9636115 -0.06918415
vn -0.6947466 0.6947467 -0.1861568
vn -0.9351133 0.2505627 -0.2505627
vn -0.9351133 -0.2505624 -0.2505626
vn -0.6947467 -0.6947466 -0.1861566
vn -0.2581991 -0.9636114 -0.06918415
vn 0.2581988 -0.9636114 0.06918418
vn 0.6947467 -0.6947466 0.1861567
vn 0.9351132 -0.2505629 0.2505626
vn 0.9351133 0.2505626 0.2505627
vn 0.6947469 0.6947465 0.1861566
vn 0.2581989 0.9636114 0.06918409
vn -0.2581986 0.9636115 0.0691842
vn -0.6947465 0.6947467 0.1861569
vn -0.9351131 0.2505627 0.250563
vn -0.9351133 -0.2505624 0.250563
vn -0.6947467 -0.6947466 0.1861569
vn -0.2581989 -0.9636114 0.0691842
vn 0.2581989 -0.9636114 -0.06918425
vn 0.6947467 -0.6947466 -0.1861568
vn 0.9351131 -0.2505629 -0.2505628
vn 0.9351131 0.2505626 -0.2505629
vn 0.6947467 0.6947465 -0.1861569
vn 0.2581988 0.9636114 -0.06918418
vn -0.1890145 0.9636114 0.1890147
vn -0.5085896 0.6947469 0.5085897
vn -0.6845503 0.2505626 0.6845505
vn -0.6845503 -0.2505625 0.6845505
vn -0.5085899 -0.6947465 0.5085899
vn -0.1890148 -0.9636114 0.1890147
vn 0.1890148 -0.9636114 -0.1890149
vn 0.5085897 -0.6947466 -0.50859
vn 0.6845502 -0.2505628 -0.6845505
vn 0.6845503 0.2505625 -0.6845505
vn 0.5085899 0.6947464 -0.5085899
vn 0.1890147 0.9636114 -0.1890146
vn -0.06918386 0.9636114 0.2581988
vn -0.1861564 0.6947469 0.6947466
vn -0.2505624 0.2505625 0.9351134
vn -0.2505625 -0.250563 0.9351131
vn -0.1861567 -0.6947464 0.6947469
vn -0.06918424 -0.9636114 0.2581987
vn 0.06918398 -0.9636113 -0.2581992
vn 0.1861564 -0.6947467 -0.6947467
vn 0.2505625 -0.2505625 -0.9351134
vn 0.2505625 0.2505625 -0.9351133
vn 0.1861566 0.6947467 -0.6947466
vn 0.06918421 0.9636114 -0.2581987
vn 0.9577911 0.1295104 -0.2566383
vn 0.7059985 0.05596627 -0.7059986
vn 0.2586727 -0.03350293 -0.9653839
vn -0.2571492 -0.1133792 -0.9596977
vn -0.6977707 -0.1619648 -0.6977705
vn -0.9522372 -0.1677577 -0.25515
vn -0.9577911 -0.1295104 0.2566381
vn -0.7059978 -0.05596628 0.7059994
vn -0.2586741 0.03350259 0.9653835
vn 0.2571506 0.1133794 0.9596972
vn 0.6977706 0.1619647 0.6977705
vn 0.9522373 0.1677579 0.25515
vn 0.7069398 -0.02172934 0.7069399
vn -2.960728E-07 -1 1.748456E-07
vn 0.2588183 -0.003394075 0.9659202
vn -0.2860548 0.0435418 0.9572235
vn -0.7057541 0.06179344 0.705757
vn -0.9621922 0.08784663 0.2578159
vn -0.9558262 0.1156199 -0.2702377
vn -0.7037433 0.09742099 -0.7037432
vn -0.2580561 0.07662324 -0.9630867
vn 0.2731233 0.05957511 -0.9601325
vn 0.707034 0.01435399 -0.707034
vn 0.965849 -0.01266417 -0.2587962
vn 0.9613815 -0.01131413 0.2749867
vn -0.2090316 0.9778027 -0.01441115
vn 0.1415514 0.9738548 0.1776797
vn 0.4589256 0.7242659 0.5146127
vn 0.6458514 0.2910009 0.705829
vn 0.6664571 -0.209608 0.7154714
vn 0.5160601 -0.6637948 0.5413489
vn 0.2207969 -0.9513809 0.2147629
vn -0.1415514 -0.9738548 -0.1776797
vn -0.4589258 -0.7242658 -0.5146127
vn -0.6458514 -0.2910011 -0.7058288
vn -0.6664572 0.209608 -0.7154714
vn -0.5160601 0.6637946 -0.5413491
vn -0.2207967 0.951381 -0.2147627
vn 0.2153963 0.9746405 0.06066632
vn 0.6576229 0.7263802 0.1997599
vn 0.9132936 0.2938466 0.2820443
vn 0.9338994 -0.2067624 0.2916869
vn 0.7147574 -0.6616806 0.2264963
vn 0.2946417 -0.9505953 0.09774963
vn -0.2153963 -0.9746405 -0.06066632
vn -0.6576232 -0.7263799 -0.1997601
vn -0.9132937 -0.2938464 -0.2820444
vn -0.9338994 0.2067623 -0.291687
vn -0.7147574 0.6616806 -0.2264963
vn -0.2946416 0.9505953 -0.09774946
vn 0.2209089 0.9722047 -0.07757075
vn 0.6724561 0.7198262 -0.1722003
vn 0.933259 0.285025 -0.2186057
vn 0.9538648 -0.215584 -0.2089632
vn 0.7295907 -0.6682348 -0.145464
vn 0.3001545 -0.953031 -0.04048757
vn -0.2209091 -0.9722047 0.07757078
vn -0.6724566 -0.7198258 0.1722005
vn -0.933259 -0.285025 0.2186059
vn -0.9538648 0.2155839 0.2089632
vn -0.729591 0.6682345 0.1454641
vn -0.3001542 0.9530311 0.04048751
vn 0.1566125 0.9672002 -0.199991
vn 0.4994509 0.7063602 -0.5016016
vn 0.7003977 0.2669002 -0.6619724
vn 0.7210034 -0.2337089 -0.6523299
vn 0.5565854 -0.6817006 -0.4748651
vn 0.235858 -0.9580355 -0.1629078
vn -0.1566126 -0.9672002 0.1999911
vn -0.499451 -0.70636 0.5016016
vn -0.7003977 -0.2669001 0.6619723
vn -0.7210034 0.2337088 0.6523299
vn -0.5565855 0.6817005 0.4748652
vn -0.2358577 0.9580356 0.1629076
vn 0.03973481 0.9609678 -0.273792
vn 0.1849634 0.6895906 -0.7001809
vn 0.2771048 0.2443285 -0.9292559
vn 0.2977106 -0.2562805 -0.9196134
vn 0.2420981 -0.6984705 -0.6734446
vn 0.1189804 -0.9642679 -0.2367089
vn -0.03973494 -0.9609678 0.2737921
vn -0.1849635 -0.6895903 0.7001812
vn -0.2771048 -0.2443285 0.929256
vn -0.2977105 0.2562805 0.9196134
vn -0.2420981 0.6984702 0.6734447
vn -0.1189803 0.964268 0.2367085
vn -0.09840652 0.9551775 -0.279199
vn -0.1867393 0.6740106 -0.7147295
vn -0.2231988 0.2233581 -0.948838
vn -0.2025931 -0.2772509 -0.9391954
vn -0.1296047 -0.7140505 -0.687993
vn -0.01916103 -0.9700582 -0.2421157
vn 0.09840656 -0.9551775 0.279199
vn 0.1867394 -0.6740103 0.7147296
vn 0.2231988 -0.223358 0.948838
vn 0.202593 0.277251 0.9391954
vn 0.1296048 0.7140502 0.6879935
vn 0.01916099 0.9700583 0.2421154
vn -0.2207969 0.951381 -0.2147629
vn -0.5160599 0.663795 -0.5413488
vn -0.6664572 0.2096078 -0.7154714
vn -0.6458514 -0.2910009 -0.7058288
vn -0.4589254 -0.7242662 -0.5146124
vn -0.1415514 -0.9738548 -0.1776797
vn 0.220797 -0.9513809 0.2147629
vn 0.5160604 -0.6637944 0.5413491
vn 0.6664573 -0.2096075 0.7154714
vn 0.6458515 0.2910008 0.7058289
vn 0.4589256 0.7242661 0.5146125
vn 0.1415512 0.9738549 0.1776794
vn -0.2946418 0.9505953 -0.09774947
vn -0.7147576 0.6616806 -0.2264962
vn -0.9338995 0.2067624 -0.2916867
vn -0.9132937 -0.2938463 -0.2820442
vn -0.657623 -0.7263802 -0.1997598
vn -0.2153962 -0.9746405 -0.06066631
vn 0.2946417 -0.9505953 0.09774952
vn 0.7147577 -0.6616803 0.2264962
vn 0.9338994 -0.2067624 0.2916869
vn 0.9132937 0.2938465 0.2820443
vn 0.6576231 0.72638 0.1997599
vn 0.215396 0.9746405 0.06066623
vn -0.3001544 0.953031 0.04048751
vn -0.7295909 0.6682346 0.145464
vn -0.9538648 0.215584 0.2089631
vn -0.933259 -0.285025 0.2186057
vn -0.6724561 -0.7198262 0.1722003
vn -0.2209089 -0.9722047 0.07757074
vn 0.3001544 -0.953031 -0.0404875
vn 0.7295911 -0.6682343 -0.1454641
vn 0.9538648 -0.2155839 -0.2089633
vn 0.933259 0.285025 -0.2186058
vn 0.6724563 0.7198261 -0.1722003
vn 0.2209087 0.9722048 -0.07757072
vn -0.235858 0.9580355 0.1629078
vn -0.5565855 0.6817006 0.4748651
vn -0.7210035 0.2337089 0.6523297
vn -0.7003977 -0.2669002 0.6619723
vn -0.499451 -0.7063603 0.5016015
vn -0.1566125 -0.9672002 0.199991
vn 0.2358581 -0.9580355 -0.1629079
vn 0.5565857 -0.6817003 -0.4748653
vn 0.7210035 -0.2337088 -0.6523297
vn 0.7003978 0.2669001 -0.6619723
vn 0.499451 0.7063601 -0.5016016
vn 0.1566123 0.9672002 -0.1999908
vn -0.1189802 0.964268 0.2367088
vn -0.2420982 0.6984704 0.6734446
vn -0.2977106 0.2562804 0.9196134
vn -0.2771048 -0.2443282 0.929256
vn -0.1849635 -0.6895905 0.700181
vn -0.03973493 -0.9609678 0.273792
vn 0.1189803 -0.964268 -0.2367088
vn 0.2420982 -0.6984702 -0.6734449
vn 0.2977105 -0.2562805 -0.9196134
vn 0.2771047 0.2443285 -0.929256
vn 0.1849636 0.6895903 -0.7001811
vn 0.03973486 0.9609678 -0.2737918
vn 0.01916113 0.9700582 0.2421157
vn 0.1296049 0.7140504 0.6879932
vn 0.2025933 0.2772505 0.9391955
vn 0.223199 -0.223358 0.9488379
vn 0.1867395 -0.6740103 0.7147296
vn 0.09840659 -0.9551775 0.2791988
vn -0.01916115 -0.9700581 -0.2421157
vn -0.129605 -0.7140501 -0.6879935
vn -0.2025933 -0.2772508 -0.9391954
vn -0.2231991 0.2233578 -0.9488379
vn -0.1867395 0.6740105 -0.7147295
vn -0.09840655 0.9551776 -0.2791986
vn 0.1458227 0.9801584 0.1342579
vn 0.5382303 0.7451621 0.3937533
vn 0.7770502 0.3205459 0.5417041
vn 0.8155594 -0.1790241 0.5502846
vn 0.6450066 -0.640018 0.4175448
vn 0.2939212 -0.9410821 0.1672567
vn -0.1458226 -0.9801584 -0.1342579
vn -0.5382305 -0.745162 -0.3937533
vn -0.7770502 -0.320546 -0.541704
vn -0.8155596 0.1790241 -0.5502846
vn -0.6450067 0.6400177 -0.4175448
vn -0.293921 0.9410822 -0.1672566
vn 0.1916774 0.981451 0.003714839
vn 0.6616133 0.7486401 0.04249562
vn 0.9431211 0.3252271 0.06891935
vn 0.9816305 -0.1743429 0.07749987
vn 0.7683897 -0.6365401 0.06628725
vn 0.3397759 -0.9397896 0.0367138
vn -0.1916773 -0.981451 -0.003714847
vn -0.6616136 -0.7486398 -0.04249569
vn -0.9431211 -0.3252269 -0.06891948
vn -0.9816305 0.1743429 -0.07749996
vn -0.7683898 0.6365401 -0.06628726
vn -0.3397757 0.9397897 -0.03671368
vn 0.1663307 0.9771619 -0.1322446
vn 0.5934124 0.7370995 -0.3233361
vn 0.8513243 0.3096935 -0.4234819
vn 0.8898336 -0.1898765 -0.4149014
vn 0.7001888 -0.6480809 -0.2995445
vn 0.3144294 -0.9440786 -0.09924581
vn -0.1663309 -0.9771619 0.1322447
vn -0.5934128 -0.7370991 0.3233364
vn -0.8513243 -0.3096935 0.423482
vn -0.8898336 0.1898764 0.4149014
vn -0.7001889 0.6480806 0.2995447
vn -0.3144292 0.9440787 0.09924569
vn 0.07657467 0.9684405 -0.2371903
vn 0.3519018 0.7136325 -0.6057177
vn 0.5262565 0.2781076 -0.803561
vn 0.5647658 -0.2214625 -0.7949805
vn 0.4586782 -0.6715478 -0.581926
vn 0.2246733 -0.9528 -0.2041914
vn -0.07657476 -0.9684405 0.2371904
vn -0.3519019 -0.7136323 0.6057178
vn -0.5262566 -0.2781075 0.803561
vn -0.5647658 0.2214625 0.7949806
vn -0.4586783 0.6715477 0.5819261
vn -0.2246731 0.9528001 0.2041911
vn -0.05354114 0.9576238 -0.2830019
vn 0.001794008 0.6845273 -0.7289851
vn 0.05501946 0.2389326 -0.9694762
vn 0.09352881 -0.2606374 -0.9608957
vn 0.1085705 -0.7006531 -0.7051934
vn 0.09455755 -0.9636168 -0.2500032
vn 0.05354105 -0.9576237 0.2830021
vn -0.001794055 -0.684527 0.7289854
vn -0.05501946 -0.2389325 0.9694762
vn -0.09352873 0.2606374 0.9608957
vn -0.1085705 0.7006529 0.7051936
vn -0.09455752 0.9636169 0.2500028
vn -0.189152 0.9476098 -0.2574046
vn -0.3630997 0.6575826 -0.6601089
vn -0.4361193 0.2026655 -0.8767706
vn -0.39761 -0.2969045 -0.8681901
vn -0.2563232 -0.727598 -0.6363173
vn -0.04105334 -0.9736307 -0.2244057
vn 0.189152 -0.9476098 0.2574046
vn 0.3630998 -0.6575823 0.6601092
vn 0.4361193 -0.2026654 0.8767706
vn 0.39761 0.2969046 0.8681901
vn 0.2563234 0.7275976 0.6363177
vn 0.04105324 0.9736308 0.2244054
vn -0.2939212 0.9410822 -0.1672567
vn -0.6450064 0.6400182 -0.4175446
vn -0.8155596 0.1790239 -0.5502845
vn -0.7770503 -0.3205458 -0.541704
vn -0.5382301 -0.7451624 -0.3937531
vn -0.1458226 -0.9801584 -0.1342579
vn 0.2939214 -0.9410821 0.1672568
vn 0.6450069 -0.6400176 0.4175448
vn 0.8155596 -0.1790237 0.5502846
vn 0.7770503 0.3205458 0.541704
vn 0.5382302 0.7451623 0.3937531
vn 0.1458223 0.9801585 0.1342577
vn -0.3397759 0.9397896 -0.03671364
vn -0.7683898 0.63654 -0.06628712
vn -0.9816305 0.1743429 -0.0774997
vn -0.9431213 -0.3252269 -0.06891919
vn -0.6616134 -0.7486401 -0.0424955
vn -0.1916772 -0.981451 -0.00371486
vn 0.3397759 -0.9397896 0.03671369
vn 0.76839 -0.6365398 0.06628715
vn 0.9816304 -0.1743429 0.07749987
vn 0.9431212 0.3252271 0.06891935
vn 0.6616135 0.7486399 0.0424956
vn 0.191677 0.981451 0.00371482
vn -0.3144294 0.9440786 0.09924574
vn -0.7001889 0.6480807 0.2995446
vn -0.8898336 0.1898765 0.4149013
vn -0.8513243 -0.3096935 0.4234819
vn -0.5934123 -0.7370995 0.3233362
vn -0.1663307 -0.9771619 0.1322446
vn 0.3144294 -0.9440786 -0.09924573
vn 0.7001891 -0.6480805 -0.2995448
vn 0.8898335 -0.1898764 -0.4149015
vn 0.8513243 0.3096935 -0.4234819
vn 0.5934125 0.7370993 -0.3233362
vn 0.1663305 0.977162 -0.1322445
vn -0.2246733 0.9528 0.2041914
vn -0.4586783 0.6715478 0.581926
vn -0.5647659 0.2214625 0.7949805
vn -0.5262566 -0.2781076 0.803561
vn -0.3519019 -0.7136325 0.6057176
vn -0.07657471 -0.9684406 0.2371903
vn 0.2246733 -0.9528 -0.2041915
vn 0.4586784 -0.6715474 -0.5819263
vn 0.564766 -0.2214624 -0.7949804
vn 0.5262566 0.2781075 -0.803561
vn 0.3519019 0.7136323 -0.6057177
vn 0.0765745 0.9684407 -0.23719
vn -0.09455743 0.9636168 0.2500031
vn -0.1085706 0.700653 0.7051935
vn -0.09352881 0.2606373 0.9608958
vn -0.05501949 -0.2389323 0.9694763
vn -0.001794063 -0.6845273 0.7289851
vn 0.05354103 -0.9576238 0.283002
vn 0.09455747 -0.9636168 -0.2500031
vn 0.1085706 -0.7006528 -0.7051937
vn 0.09352873 -0.2606374 -0.9608957
vn 0.05501942 0.2389326 -0.9694762
vn 0.001794128 0.6845271 -0.7289852
vn -0.05354105 0.9576238 -0.2830018
vn 0.04105344 0.9736307 0.2244057
vn 0.2563235 0.7275978 0.6363174
vn 0.3976102 0.2969041 0.8681901
vn 0.4361195 -0.2026654 0.8767706
vn 0.3630999 -0.6575823 0.660109
vn 0.189152 -0.9476099 0.2574045
vn -0.04105346 -0.9736307 -0.2244057
vn -0.2563236 -0.7275975 -0.6363177
vn -0.3976103 -0.2969044 -0.8681901
vn -0.4361195 0.2026653 -0.8767706
vn -0.3630999 0.6575825 -0.660109
vn -0.1891519 0.94761 -0.2574043
vn 0.1079892 0.9830063 -0.1484485
vn 0.4121635 0.7541363 -0.5112727
vn 0.5986153 0.3330979 -0.7284954
vn 0.6307178 -0.1661259 -0.758022
vn 0.5011751 -0.630084 -0.5931423
vn 0.2314484 -0.9369028 -0.2620017
vn -0.1079892 -0.9830063 0.1484485
vn -0.4121634 -0.7541363 0.5112727
vn -0.5986153 -0.3330979 0.7284955
vn -0.6307177 0.1661259 0.7580221
vn -0.5011752 0.6300838 0.5931424
vn -0.2314482 0.9369029 0.2620015
vn -0.01765097 0.9783446 -0.2062291
vn 0.07409815 0.7415926 -0.6667457
vn 0.1435871 0.3162145 -0.9377586
vn 0.1756895 -0.1830097 -0.9672853
vn 0.16311 -0.6426274 -0.7486156
vn 0.1058082 -0.9415646 -0.3197824
vn 0.01765101 -0.9783445 0.2062292
vn -0.07409824 -0.7415925 0.6667459
vn -0.1435872 -0.3162145 0.9377585
vn -0.1756896 0.1830095 0.9672853
vn -0.16311 0.6426274 0.7486156
vn -0.1058082 0.9415647 0.3197822
vn -0.1551021 0.9687552 -0.1935378
vn -0.2957472 0.7157902 -0.6325963
vn -0.3542163 0.281485 -0.8917943
vn -0.3221139 -0.2177393 -0.9213209
vn -0.2067353 -0.6684301 -0.7144661
vn -0.03164288 -0.9511541 -0.307091
vn 0.1551021 -0.9687551 0.1935378
vn 0.2957473 -0.71579 0.6325966
vn 0.3542163 -0.2814847 0.8917944
vn 0.3221138 0.217739 0.921321
vn 0.2067353 0.66843 0.7144662
vn 0.0316429 0.951154 0.3070908
vn -0.2675341 0.9568076 -0.1137748
vn -0.5982724 0.6836425 -0.4179749
vn -0.7614083 0.238215 -0.6029187
vn -0.729306 -0.2610092 -0.6324454
vn -0.5092605 -0.7005777 -0.4998446
vn -0.1440749 -0.9631015 -0.227328
vn 0.2675342 -0.9568076 0.1137749
vn 0.5982725 -0.6836426 0.4179749
vn 0.7614084 -0.2382148 0.6029187
vn 0.7293061 0.261009 0.6324453
vn 0.5092605 0.7005777 0.4998446
vn 0.1440747 0.9631015 0.2273279
vn -0.3248208 0.9457034 0.01168737
vn -0.7524165 0.6537639 -0.08038884
vn -0.9688827 0.1979989 -0.1485358
vn -0.9367802 -0.3012253 -0.1780624
vn -0.6634045 -0.7304564 -0.1622588
vn -0.2013617 -0.9742057 -0.101866
vn 0.3248211 -0.9457033 -0.01168722
vn 0.7524166 -0.6537638 0.08038891
vn 0.9688827 -0.1979987 0.1485358
vn 0.9367803 0.301225 0.1780624
vn 0.6634045 0.7304565 0.1622587
vn 0.2013615 0.9742058 0.101866
vn -0.3116126 0.9384177 0.149231
vn -0.7168764 0.6341599 0.2897058
vn -0.9210466 0.1716125 0.3496033
vn -0.888944 -0.327612 0.3200765
vn -0.6278644 -0.7500604 0.2078358
vn -0.1881534 -0.9814914 0.0356777
vn 0.3116127 -0.9384177 -0.1492311
vn 0.7168764 -0.6341599 -0.2897058
vn 0.9210467 -0.1716124 -0.3496032
vn 0.8889442 0.3276115 -0.3200765
vn 0.6278645 0.7500603 -0.2078358
vn 0.1881533 0.9814914 -0.03567764
vn -0.2314484 0.9369028 0.2620017
vn -0.5011754 0.6300834 0.5931427
vn -0.6307176 0.1661259 0.7580221
vn -0.5986153 -0.3330976 0.7284956
vn -0.4121636 -0.7541363 0.5112728
vn -0.1079891 -0.9830064 0.1484483
vn 0.2314484 -0.9369028 -0.2620018
vn 0.5011752 -0.6300837 -0.5931424
vn 0.6307177 -0.1661257 -0.7580221
vn 0.5986153 0.3330979 -0.7284955
vn 0.4121633 0.7541365 -0.5112725
vn 0.1079891 0.9830064 -0.1484483
vn -0.1058081 0.9415647 0.3197823
vn -0.1631098 0.6426274 0.7486156
vn -0.1756895 0.1830095 0.9672853
vn -0.1435869 -0.3162145 0.9377586
vn -0.07409795 -0.7415929 0.6667455
vn 0.01765103 -0.9783446 0.206229
vn 0.1058082 -0.9415646 -0.3197825
vn 0.1631099 -0.6426273 -0.7486157
vn 0.1756895 -0.1830094 -0.9672853
vn 0.1435869 0.3162146 -0.9377586
vn 0.07409799 0.7415926 -0.6667457
vn -0.01765108 0.9783446 -0.2062289
vn 0.03164295 0.9511539 0.3070911
vn 0.2067353 0.6684299 0.7144662
vn 0.3221138 0.2177392 0.921321
vn 0.3542163 -0.281485 0.8917943
vn 0.2957472 -0.7157903 0.6325963
vn 0.1551021 -0.9687552 0.1935377
vn -0.03164297 -0.9511539 -0.3070911
vn -0.2067355 -0.6684298 -0.7144664
vn -0.3221139 -0.217739 -0.921321
vn -0.3542162 0.2814847 -0.8917944
vn -0.2957471 0.7157902 -0.6325963
vn -0.1551021 0.9687552 -0.1935376
vn 0.1440749 0.9631014 0.2273281
vn 0.5092605 0.7005776 0.4998447
vn 0.7293059 0.2610092 0.6324455
vn 0.7614083 -0.238215 0.6029188
vn 0.5982724 -0.6836427 0.4179748
vn 0.2675341 -0.9568076 0.1137749
vn -0.1440749 -0.9631014 -0.2273281
vn -0.5092607 -0.7005774 -0.4998449
vn -0.7293059 -0.261009 -0.6324456
vn -0.7614083 0.2382148 -0.6029189
vn -0.5982723 0.6836427 -0.4179749
vn -0.2675339 0.9568077 -0.1137747
vn 0.2013617 0.9742057 0.1018661
vn 0.6634047 0.7304563 0.1622587
vn 0.9367802 0.3012253 0.1780623
vn 0.9688827 -0.1979986 0.1485357
vn 0.7524167 -0.6537637 0.0803889
vn 0.3248208 -0.9457034 -0.01168727
vn -0.2013618 -0.9742057 -0.101866
vn -0.6634047 -0.7304563 -0.1622587
vn -0.9367803 -0.3012253 -0.1780624
vn -0.9688827 0.1979988 -0.1485356
vn -0.7524165 0.6537637 -0.08038887
vn -0.3248207 0.9457034 0.01168727
vn 0.1881534 0.9814914 -0.03567784
vn 0.6278645 0.7500603 -0.207836
vn 0.8889441 0.3276117 -0.3200767
vn 0.9210466 -0.1716124 -0.3496034
vn 0.7168766 -0.6341597 -0.2897061
vn 0.3116126 -0.9384177 -0.1492311
vn -0.1881534 -0.9814914 0.03567783
vn -0.6278646 -0.7500602 0.2078362
vn -0.8889441 -0.3276115 0.3200768
vn -0.9210465 0.1716123 0.3496034
vn -0.7168763 0.63416 0.289706
vn -0.3116123 0.9384177 0.149231
vn 0.009493951 0.9892495 -0.1459291
vn 0.005429759 0.9296812 0.368325
vn -8.765267E-05 0.6211041 0.7837281
vn -0.005581052 0.1462587 0.9892306
vn -0.009580708 -0.3678738 0.9298264
vn -0.01101429 -0.7835918 0.6211784
vn -0.009494568 -0.9892497 0.1459276
vn -0.005430057 -0.9296817 -0.3683241
vn 8.735187E-05 -0.6211035 -0.7837286
vn 0.005580837 -0.1462584 -0.9892308
vn 0.009580628 0.3678741 -0.9298263
vn 0.01101399 0.7835922 -0.6211779
vn 0.5679256 0.3083271 -0.763148
vn -0.9994548 -0.005399176 -0.03257426
vn 0.5415987 -0.1213929 -0.8318261
vn 0.5717977 -0.5113037 -0.6415731
vn 0.6267319 -0.730841 -0.2703306
vn 0.6881701 -0.7140722 0.1285419
vn 0.728785 -0.5231168 0.4418385
vn 0.7494113 -0.231583 0.6202839
vn 0.7552175 0.09630357 0.6483612
vn 0.7522325 0.3954763 0.527015
vn 0.7270594 0.6313769 0.2697183
vn 0.6848523 0.7229979 -0.0908374
vn 0.6267598 0.6173698 -0.4754228
vn 0.9996205 -0.0261608 -0.00863421
vn 0.6541277 -0.6981297 -0.2910873
vn 0.7177414 -0.6917678 0.07940216
vn 0.7566017 -0.530726 0.3819476
vn 0.7733905 -0.2645434 0.5760936
vn 0.7728949 0.061154 0.6315804
vn 0.08617288 0.9901779 -0.1100998
vn 0.07008346 0.9142259 0.3990982
vn 0.03531545 0.5948606 0.8030528
vn -0.00908777 0.1144115 0.9933919
vn -0.05115727 -0.3982579 0.9158459
vn -0.07934503 -0.8025078 0.5913422
vn -0.08617232 -0.9901778 0.110101
vn -0.07008339 -0.9142259 -0.3990981
vn -0.03531576 -0.5948604 -0.8030529
vn 0.009088302 -0.1144115 -0.9933919
vn 0.05115741 0.3982574 -0.915846
vn 0.07934506 0.8025078 -0.5913422
vn 0.999088 0.01641567 0.03941694
vn -0.469885 0.8748803 -0.1174429
vn -0.533817 0.7796749 0.3273324
vn -0.5912801 0.4802386 0.6478879
vn -0.6275201 0.07900324 0.7745819
vn -0.6346955 -0.321622 0.7026528
vn -0.6115636 -0.6440808 0.4595107
vn -0.5499759 -0.8320042 0.07277128
vn -0.4847631 -0.7964906 -0.3613966
vn -0.4257363 -0.5353307 -0.7294996
vn -0.3983164 -0.1206009 -0.9092852
vn -0.3908522 0.3486097 -0.8518837
vn -0.417289 0.7181457 -0.5568991
vn -0.9991354 -0.04108286 0.006372068
vn -0.579869 -0.8077329 0.1063933
vn -0.5186532 -0.7940393 -0.3170183
vn -0.4554816 -0.5548341 -0.6962009
vn 0.9501816 0.0635906 -0.3051413
vn 0.6666609 0.2850356 -0.6887075
vn 0.2156638 0.4247404 -0.8792524
vn -0.2833367 0.4548198 -0.8443099
vn -0.7169389 0.3684379 -0.5918211
vn -0.9688671 0.1792693 -0.1707603
vn -0.9501816 -0.06359055 0.3051414
vn -0.666661 -0.2850356 0.6887075
vn -0.2156639 -0.4247406 0.8792523
vn 0.2833364 -0.4548199 0.84431
vn 0.7169388 -0.3684379 0.5918213
vn 0.9688671 -0.1792693 0.1707602
vn 0.9628081 0.1661186 -0.2130849
vn 0.7006358 0.5609118 -0.4410073
vn 0.2613929 0.7960637 -0.5458538
vn -0.2376072 0.8261431 -0.5109113
vn -0.6829641 0.6443141 -0.3441211
vn -0.9562406 0.2817973 -0.07870393
vn -0.9628081 -0.1661186 0.2130849
vn -0.7006355 -0.560912 0.4410076
vn -0.261393 -0.7960636 0.5458539
vn 0.2376074 -0.826143 0.5109114
vn 0.6829641 -0.6443141 0.3441211
vn 0.9562406 -0.2817971 0.07870383
vn 0.9745548 0.2086372 -0.08193616
vn 0.7322429 0.6753187 -0.08811992
vn 0.3039355 0.9500526 -0.07087523
vn -0.1950648 0.9801319 -0.0359329
vn -0.6513569 0.7587209 0.008766407
vn -0.9444939 0.324316 0.0524448
vn -0.9745548 -0.2086373 0.08193614
vn -0.7322427 -0.6753188 0.08811986
vn -0.3039354 -0.9500527 0.07087514
vn 0.1950647 -0.980132 0.03593285
vn 0.6513569 -0.7587209 -0.008766403
vn 0.9444939 -0.3243158 -0.05244483
vn 0.9822741 0.1797536 0.05316366
vn 0.7530134 0.5976005 0.2753989
vn 0.3318921 0.8454458 0.4184126
vn -0.1671081 0.8755251 0.453355
vn -0.6305864 0.6810027 0.3722851
vn -0.9367747 0.2954324 0.1875446
vn -0.982274 -0.1797537 -0.05316363
vn -0.7530134 -0.5976006 -0.2753988
vn -0.331892 -0.8454458 -0.4184127
vn 0.1671081 -0.8755251 -0.4533551
vn 0.6305865 -0.6810026 -0.372285
vn 0.9367747 -0.2954323 -0.1875445
vn 0.9838975 0.08720724 0.1560147
vn 0.757382 0.3485818 0.5521442
vn 0.3377719 0.5102725 0.7909059
vn -0.1612283 0.5403519 0.8258482
vn -0.6262182 0.4319842 0.6490304
vn -0.9351512 0.2028861 0.2903958
vn -0.9838976 -0.08720723 -0.1560147
vn -0.7573818 -0.348582 -0.5521444
vn -0.337772 -0.5102725 -0.790906
vn 0.1612283 -0.5403519 -0.8258482
vn 0.626218 -0.4319842 -0.6490306
vn 0.9351513 -0.2028859 -0.2903955
vn 0.9789903 -0.04420429 0.199058
vn 0.7441777 -0.005012602 0.667963
vn 0.3199995 0.0343422 0.9467951
vn -0.1790011 0.06442156 0.9817375
vn -0.6394222 0.07838971 0.7648492
vn -0.9400585 0.07147449 0.3334391
vn -0.9789903 0.04420429 -0.1990582
vn -0.7441776 0.005012655 -0.667963
vn -0.3199992 -0.03434231 -0.9467952
vn 0.1790008 -0.06442166 -0.9817376
vn 0.6394225 -0.07838967 -0.7648491
vn 0.9400585 -0.07147446 -0.3334389
vn 0.9688671 -0.1792693 0.1707603
vn 0.7169387 -0.3684379 0.5918213
vn 0.2833365 -0.4548199 0.84431
vn -0.2156636 -0.4247406 0.8792523
vn -0.666661 -0.2850356 0.6887075
vn -0.9501816 -0.06359062 0.3051412
vn -0.9688671 0.1792694 -0.1707604
vn -0.7169389 0.3684379 -0.5918212
vn -0.2833362 0.45482 -0.84431
vn 0.2156636 0.4247406 -0.8792523
vn 0.6666611 0.2850356 -0.6887072
vn 0.9501816 0.06359056 -0.3051412
vn 0.9562405 -0.2817974 0.07870385
vn 0.6829641 -0.6443142 0.3441209
vn 0.2376074 -0.8261431 0.5109113
vn -0.2613932 -0.7960638 0.5458536
vn -0.7006359 -0.5609119 0.4410072
vn -0.9628081 -0.1661186 0.2130848
vn -0.9562405 0.2817975 -0.07870394
vn -0.682964 0.6443143 -0.3441211
vn -0.2376072 0.8261431 -0.5109113
vn 0.2613929 0.7960638 -0.5458537
vn 0.7006358 0.5609119 -0.4410073
vn 0.9628083 0.1661184 -0.2130848
vn 0.9444939 -0.324316 -0.0524448
vn 0.6513568 -0.7587209 -0.008766327
vn 0.1950649 -0.9801319 0.0359329
vn -0.3039355 -0.9500526 0.07087532
vn -0.7322429 -0.6753186 0.08811989
vn -0.9745548 -0.2086372 0.08193617
vn -0.9444938 0.3243161 0.05244482
vn -0.6513566 0.7587212 0.008766375
vn -0.1950647 0.980132 -0.03593277
vn 0.3039354 0.9500527 -0.07087523
vn 0.7322429 0.6753186 -0.08811991
vn 0.9745548 0.2086371 -0.08193614
vn 0.9367747 -0.2954324 -0.1875446
vn 0.6305864 -0.6810028 -0.3722851
vn 0.1671082 -0.8755252 -0.4533549
vn -0.3318922 -0.8454458 -0.4184126
vn -0.7530135 -0.5976005 -0.2753987
vn -0.9822741 -0.1797537 -0.05316364
vn -0.9367746 0.2954324 0.1875446
vn -0.6305861 0.681003 0.372285
vn -0.1671081 0.8755252 0.4533549
vn 0.331892 0.8454459 0.4184125
vn 0.7530135 0.5976005 0.2753987
vn 0.9822741 0.1797536 0.05316355
vn 0.9351512 -0.202886 -0.2903956
vn 0.626218 -0.4319842 -0.6490306
vn 0.1612282 -0.5403519 -0.8258483
vn -0.3377719 -0.5102725 -0.7909059
vn -0.7573819 -0.348582 -0.5521444
vn -0.9838975 -0.08720735 -0.1560147
vn -0.9351512 0.202886 0.2903956
vn -0.6262178 0.4319843 0.6490308
vn -0.1612282 0.5403518 0.8258483
vn 0.3377717 0.5102725 0.790906
vn 0.7573819 0.3485819 0.5521443
vn 0.9838976 0.08720708 0.1560145
vn 0.9400585 -0.07147442 -0.333439
vn 0.6394222 -0.07838948 -0.7648493
vn 0.1790005 -0.06442136 -0.9817376
vn -0.3199993 -0.03434208 -0.9467952
vn -0.7441775 0.005012771 -0.6679631
vn -0.9789903 0.04420436 -0.199058
vn -0.9400584 0.0714744 0.333439
vn -0.6394221 0.07838952 0.7648493
vn -0.1790006 0.06442134 0.9817376
vn 0.3199991 0.03434206 0.9467953
vn 0.7441779 -0.005012826 0.6679627
vn 0.9789903 -0.04420435 0.1990579
vn -0.9474919 0.06135414 0.3138388
vn -0.6601123 0.2745959 0.6991773
vn -0.2070978 0.4090941 0.8886802
vn 0.2917209 0.438006 0.8503233
vn 0.7229834 0.3547612 0.5928235
vn 0.9708576 0.172543 0.1663264
vn 0.9474919 -0.06135409 -0.3138388
vn 0.6601124 -0.2745959 -0.6991773
vn 0.2070979 -0.4090942 -0.8886802
vn -0.2917206 -0.4380061 -0.8503234
vn -0.7229832 -0.3547612 -0.5928236
vn -0.9708576 -0.172543 -0.1663264
vn -0.9604585 0.1656217 0.2238057
vn -0.6950021 0.555153 0.4569216
vn -0.2540583 0.7867177 0.5626097
vn 0.24476 0.8156295 0.5242528
vn 0.6880938 0.6353182 0.3505679
vn 0.957891 0.2768106 0.07629349
vn 0.9604585 -0.1656217 -0.2238057
vn 0.6950018 -0.5551531 -0.4569218
vn 0.2540585 -0.7867176 -0.5626099
vn -0.2447601 -0.8156294 -0.5242529
vn -0.6880938 -0.6353182 -0.3505679
vn -0.957891 -0.2768104 -0.07629338
vn -0.9730811 0.2106146 0.09356698
vn -0.7289661 0.6762174 0.1064828
vn -0.2997733 0.9496675 0.09092698
vn 0.1990452 0.9785793 0.05257019
vn 0.6541296 0.7563825 0.0001290416
vn 0.9452685 0.3218035 -0.05394522
vn 0.9730811 -0.2106147 -0.09356695
vn 0.7289659 -0.6762176 -0.1064827
vn 0.2997732 -0.9496675 -0.09092688
vn -0.1990451 -0.9785793 -0.05257014
vn -0.6541296 -0.7563825 -0.0001290452
vn -0.9452685 -0.3218034 0.05394526
vn -0.9819775 0.1842769 -0.04198004
vn -0.7529039 0.6053497 -0.2582393
vn -0.3319932 0.8542811 -0.3999805
vn 0.1668253 0.883193 -0.4383373
vn 0.6301917 0.6855148 -0.3645929
vn 0.936372 0.2954659 -0.1894922
vn 0.9819775 -0.184277 0.04198001
vn 0.7529039 -0.6053497 0.2582392
vn 0.3319931 -0.8542811 0.3999806
vn -0.1668252 -0.8831929 0.4383374
vn -0.6301919 -0.6855147 0.3645929
vn -0.9363721 -0.2954658 0.1894921
vn -0.9847639 0.09366599 -0.1465157
vn -0.7604017 0.3615387 -0.5395175
vn -0.3420847 0.5261174 -0.7785746
vn 0.1567336 0.5550293 -0.8169315
vn 0.6226943 0.441704 -0.6458711
vn 0.9335856 0.2048551 -0.294028
vn 0.9847639 -0.09366597 0.1465157
vn 0.7604015 -0.3615389 0.5395176
vn 0.3420848 -0.5261174 0.7785748
vn -0.1567336 -0.5550293 0.8169315
vn -0.6226942 -0.441704 0.6458712
vn -0.9335857 -0.2048548 0.2940277
vn -0.9806937 -0.03693921 -0.1920295
vn -0.7494499 0.01011394 -0.6619839
vn -0.3273441 0.05310739 -0.9434116
vn 0.1714746 0.08201929 -0.9817684
vn 0.6336459 0.09027918 -0.7683376
vn 0.9376557 0.07424977 -0.3395418
vn 0.9806937 0.0369392 0.1920297
vn 0.7494498 -0.01011388 0.6619839
vn 0.3273439 -0.0531075 0.9434117
vn -0.1714744 -0.0820194 0.9817685
vn -0.6336461 -0.09027914 0.7683374
vn -0.9376558 -0.07424972 0.3395417
vn -0.9708576 -0.1725431 -0.1663264
vn -0.7229832 -0.3547612 -0.5928236
vn -0.2917207 -0.4380061 -0.8503234
vn 0.2070976 -0.4090943 -0.8886802
vn 0.6601123 -0.274596 -0.6991773
vn 0.9474919 -0.06135416 -0.3138386
vn 0.9708576 0.1725431 0.1663265
vn 0.7229833 0.3547611 0.5928235
vn 0.2917204 0.4380062 0.8503234
vn -0.2070976 0.4090943 0.8886802
vn -0.6601126 0.2745959 0.699177
vn -0.9474919 0.0613541 0.3138385
vn -0.957891 -0.2768107 -0.07629341
vn -0.6880938 -0.6353183 -0.3505677
vn -0.2447602 -0.8156295 -0.5242527
vn 0.2540586 -0.7867177 -0.5626096
vn 0.6950021 -0.5551531 -0.4569214
vn 0.9604585 -0.1656218 -0.2238056
vn 0.957891 0.2768109 0.07629351
vn 0.6880937 0.6353183 0.3505679
vn 0.2447599 0.8156295 0.5242528
vn -0.2540584 0.7867177 0.5626097
vn -0.695002 0.555153 0.4569215
vn -0.9604586 0.1656215 0.2238056
vn -0.9452685 -0.3218036 0.05394522
vn -0.6541296 -0.7563825 -0.0001291227
vn -0.1990452 -0.9785793 -0.05257019
vn 0.2997734 -0.9496675 -0.09092706
vn 0.7289661 -0.6762173 -0.1064827
vn 0.9730811 -0.2106146 -0.09356699
vn 0.9452684 0.3218037 -0.05394524
vn 0.6541293 0.7563828 0.0001290821
vn 0.199045 0.9785793 0.05257006
vn -0.2997732 0.9496675 0.09092697
vn -0.7289661 0.6762173 0.1064828
vn -0.9730811 0.2106145 0.09356696
vn -0.936372 -0.2954659 0.1894922
vn -0.6301916 -0.6855148 0.3645929
vn -0.1668254 -0.883193 0.4383371
vn 0.3319932 -0.8542811 0.3999804
vn 0.752904 -0.6053496 0.2582392
vn 0.9819775 -0.184277 0.04198002
vn 0.9363721 0.2954659 -0.1894922
vn 0.6301914 0.685515 -0.3645929
vn 0.1668252 0.883193 -0.4383371
vn -0.3319931 0.8542811 -0.3999803
vn -0.752904 0.6053496 -0.2582391
vn -0.9819775 0.184277 -0.04197993
vn -0.9335856 -0.2048549 0.2940278
vn -0.6226942 -0.441704 0.6458712
vn -0.1567335 -0.5550293 0.8169315
vn 0.3420847 -0.5261174 0.7785748
vn 0.7604015 -0.3615388 0.5395176
vn 0.9847639 -0.0936661 0.1465157
vn 0.9335856 0.2048549 -0.2940278
vn 0.6226939 0.4417042 -0.6458714
vn 0.1567335 0.5550292 -0.8169317
vn -0.3420845 0.5261174 -0.7785748
vn -0.7604016 0.3615388 -0.5395175
vn -0.9847639 0.09366582 -0.1465154
vn -0.9376558 -0.07424969 0.3395418
vn -0.6336458 -0.09027895 0.7683377
vn -0.171474 -0.0820191 0.9817686
vn 0.327344 -0.05310728 0.9434117
vn 0.7494497 -0.01011377 0.6619841
vn 0.9806938 0.03693927 0.1920295
vn 0.9376558 0.07424968 -0.3395418
vn 0.6336458 0.09027899 -0.7683377
vn 0.1714741 0.08201907 -0.9817686
vn -0.3273437 0.05310725 -0.9434118
vn -0.7494501 0.01011371 -0.6619836
vn -0.9806938 -0.03693927 -0.1920295
vn -0.1963677 0.968694 0.1518936
vn -0.002850873 -0.9868986 -0.1613167
vn 0.1963675 -0.968695 -0.1518877
vn -0.002852014 -0.9869047 -0.1612792
vn -0.07757828 0.921032 0.3816827
vn -0.04973523 0.9682653 0.244926
vn -0.8803581 -0.1188966 0.4591658
vn -0.4704694 0.2758921 -0.8381779
vn 0.8803195 0.1197485 -0.4590184
vn 0.4695115 -0.3082016 0.8273879
vn -0.8016912 0.2937042 0.5206047
vn -0.3416834 -0.4170928 -0.8421913
vn 0.8015758 -0.2940001 -0.5206153
vn 0.3406239 0.4199097 0.8412201
vn -0.8474642 -0.3759865 0.3747516
vn -0.4182418 -0.1495784 -0.8959354
vn 0.8488615 0.3706 -0.3769478
vn 0.4168217 0.1554336 0.8956004
vn -0.8099001 -0.4923871 0.3187738
vn -0.4809799 0.4014521 -0.7794193
vn 0.8111526 0.4893051 -0.3203308
vn 0.4809415 -0.4034329 0.7784196
vn -0.7106952 -0.6723011 0.2071801
vn -0.4759783 0.532976 -0.6995578
vn 0.714994 0.6664345 -0.2113027
vn 0.4756423 -0.5363351 0.6972153
vn -0.5964928 -0.7962151 0.1011823
vn -0.4177067 0.7955081 -0.4389625
vn 0.5992562 0.7938446 -0.1034545
vn 0.4164921 -0.7982866 0.435055
vn -0.8707358 -0.2646146 0.4144856
vn -0.4558085 0.0819446 -0.8862978
vn 0.8707362 0.2646106 -0.4144871
vn 0.4553752 -0.07938478 0.8867533
vn -0.5702487 -0.8188588 0.06547289
vn -0.4787997 0.2671365 -0.8362948
vn 0.5729973 0.816755 -0.06771598
vn 0.4787999 -0.2671401 0.8362935
vn -0.5253909 -0.8505751 0.02205753
vn -0.3650525 -0.2594346 -0.8941087
vn 0.5351866 0.8442085 -0.02978924
vn 0.3616469 0.2693056 0.8925727
vn -0.6740523 -0.7244874 0.1441234
vn -0.3023432 -0.413963 -0.8586171
vn 0.6721022 0.7266641 -0.1422604
vn 0.3012164 0.4165523 0.8577604
vn -0.3135969 -0.9390395 -0.1409325
vn -0.338826 -0.3255311 -0.8827381
vn 0.315915 0.9384908 0.1394014
vn 0.3363769 0.3319167 0.8812956
vn -0.2142402 -0.9540949 -0.2092941
vn -0.3333113 -0.3372533 -0.8804339
vn 0.2153503 0.953994 0.2086136
vn 0.3298125 0.3461694 0.8782884
vn -0.1141665 -0.9547319 -0.274687
vn -0.2030782 -0.6065229 -0.7686933
vn 0.1171414 0.9548563 0.2729971
vn 0.1951056 0.620003 0.759954
vn -0.05558831 -0.9489732 -0.3104188
vn -0.3711655 -0.2263648 -0.9005527
vn 0.05729552 0.9491736 0.3094943
vn 0.3718453 0.2243347 0.9007803
vn 0.02373282 -0.9351874 -0.3533573
vn 0.0181422 -0.87847 -0.477453
vn -0.02128049 0.9357147 0.3521152
vn -0.02194841 0.8816395 0.4714128
vn 0.1321972 0.9532958 0.2715716
vn -0.07615944 -0.7810866 -0.6197609
vn -0.1307827 -0.9532587 -0.2723854
vn 0.0748276 0.7826673 0.6179261
vn 0.07757813 -0.9210318 -0.3816832
vn -0.2418744 0.9072425 0.3441045
vn -0.2884539 -0.940676 -0.1786699
vn -0.258263 -0.4958936 -0.8290898
vn 0.286591 0.9410133 0.1798877
vn 0.2551829 0.5020595 0.826328
vn -0.1987678 -0.949491 -0.2428131
vn -0.1044643 -0.7442889 -0.6596372
vn 0.2053051 0.9491128 0.2388193
vn 0.09615523 0.754954 0.64869
vn 0.01523585 0.9359218 0.3518781
vn -0.008439718 -0.8491983 -0.5280066
vn 0.01519633 0.9359223 0.3518786
vn 0.008455022 0.8491983 0.5280064
vn 0.496488 -0.8677689 -0.02183633
vn 0.4904096 -0.07634597 -0.8681415
vn -0.5924888 0.802265 -0.07299297
vn -0.5037122 0.01733984 0.8636975
vn 0.1517229 -0.9270083 -0.3429808
vn 0.2117845 -0.7904227 -0.5747864
vn 0.1517253 -0.927008 -0.3429806
vn -0.2117729 0.7904231 0.57479
vn -0.1139634 0.9188271 0.3778483
vn -0.1747227 0.599739 0.7808875
vn -0.1886651 0.1199515 0.9746882
vn -0.1520549 -0.3919768 0.9073221
vn -0.07470168 -0.7988754 0.5968398
vn 0.02266777 -0.9917159 0.1264349
vn 0.1139635 -0.9188269 -0.3778485
vn 0.1747227 -0.599739 -0.7808875
vn 0.1886651 -0.1199515 -0.9746882
vn 0.1520549 0.3919769 -0.9073221
vn 0.0747017 0.7988753 -0.59684
vn -0.0226678 0.991716 -0.1264347
vn 0.9817799 0.04594765 0.1843829
vn -0.9817799 -0.04594765 -0.1843829
vt -0.02298725 0.1337661
vt 0.001066756 0.1729759
vt -0.01104556 0.1711269
vt -0.0268274 0.1454014
vt 0.02094683 0.174307
vt 0.05738062 0.2023887
vt 0.04792263 0.2044495
vt 0.02136241 0.183978
vt 0.0113547 -0.02719757
vt 0.04460947 -0.05897996
vt 0.04608103 -0.04841895
vt 0.0218383 -0.02524958
vt -0.1190687 0.100643
vt -0.1195956 0.14664
vt -0.1248458 0.1422095
vt -0.1244191 0.104952
vt -0.08554341 0.1010332
vt -0.1261425 0.1226599
vt -0.1250708 0.1153767
vt -0.0921856 0.0978591
vt 0.09346311 0.08439578
vt 0.1308949 0.05765883
vt 0.1576318 0.09509058
vt 0.1202001 0.1218275
vt -0.08818723 0.1743741
vt -0.131711 0.1594852
vt -0.1256587 0.1552943
vt -0.09040447 0.1673543
vt 0.01270073 0.2084688
vt -0.01654104 0.1729594
vt -0.009189862 0.1725668
vt 0.01449596 0.2013294
vt 0.03093713 -0.06964053
vt 0.0009869642 -0.03472653
vt -0.000664296 -0.0419006
vt 0.02359534 -0.07018095
vt -0.09955914 0.08541178
vt -0.121216 0.1157315
vt -0.1515358 0.09407455
vt -0.1298788 0.06375484
vt -0.03705616 0.007142621
vt -0.07545499 -0.01818583
vt -0.06888847 -0.02020439
vt -0.03778541 0.0003116622
vt -0.04329367 0.1459023
vt -0.0202915 0.1060664
vt -0.01788635 0.1125013
vt -0.03651811 0.1447684
vt -0.124645 0.148658
vt -0.08086541 0.1627771
vt -0.08665143 0.1664805
vt -0.1221129 0.1550441
vt -0.0883353 0.08736093
vt -0.09748055 0.1234812
vt -0.1012307 0.1173236
vt -0.09456386 0.09099196
vt -0.06935197 0.08789241
vt -0.103898 0.07393233
vt -0.09728864 0.07105201
vt -0.07210462 0.0812289
vt -0.08961262 0.1172545
vt -0.07439362 0.08324429
vt -0.07175788 0.0899549
vt -0.08285254 0.1147483
vt -0.1084699 0.1091909
vt -0.07310013 0.1209079
vt -0.07951124 0.124206
vt -0.1052958 0.1156642
vt -0.07177126 0.09267874
vt -0.080907 0.1182589
vt -0.1064871 0.1091231
vt -0.09735136 0.083543
vt 0.0342688 0.1407065
vt 0.01020844 0.1799124
vt 0.007156393 0.1707262
vt 0.0246964 0.1421451
vt 0.1151136 0.15019
vt 0.07369745 0.1301724
vt 0.08253221 0.1262167
vt 0.1127246 0.1408095
vt 0.1064829 0.1760637
vt 0.1167047 0.1312138
vt 0.1225406 0.1389367
vt 0.1150889 0.1716323
vt 0.06718621 0.1546013
vt 0.09717993 0.1695981
vt 0.08218306 0.1995919
vt 0.05218935 0.184595
vt -0.01303167 0.1855456
vt -0.04958444 0.2134722
vt -0.04898015 0.2012345
vt -0.02499788 0.1829119
vt -0.1197948 0.1796935
vt -0.1301825 0.1348817
vt -0.1192805 0.140474
vt -0.1124651 0.169875
vt -0.1210026 0.1381063
vt -0.07957423 0.118114
vt -0.08263092 0.1299793
vt -0.109812 0.1430962
vt -0.06793606 0.1568508
vt -0.05443888 0.1838452
vt -0.08143322 0.1973424
vt -0.0949304 0.170348
vt 0.128258 0.1138806
vt 0.1241594 0.1596977
vt 0.1160976 0.1527186
vt 0.1190854 0.119318
vt 0.1301356 0.1588396
vt 0.08651347 0.1734379
vt 0.08967864 0.1632555
vt 0.1214792 0.1526133
vt 0.02015826 0.1607292
vt -0.003625924 0.1213552
vt 0.007002227 0.1222171
vt 0.0243409 0.1509207
vt 0.06769963 0.09075008
vt 0.09928001 0.07947137
vt 0.1105587 0.1110518
vt 0.07897833 0.1223305
vt -0.1134577 0.05045147
vt -0.08334955 0.07195728
vt -0.08916193 0.08009461
vt -0.1192701 0.05858881
vt 0.1134577 0.05045147
vt 0.1192701 0.05858881
vt 0.08916193 0.08009461
vt 0.08334955 0.07195728
vt 0.09430874 0.07675196
vt 0.0976721 0.08616938
vt 0.06282765 0.09861381
vt 0.05946429 0.08919641
vt -0.09430874 0.07675196
vt -0.05946429 0.08919641
vt -0.06282765 0.09861381
vt -0.0976721 0.08616938
vt -0.1134577 0.05045167
vt -0.1192701 0.05858903
vt -0.12578 0.05393914
vt -0.1199676 0.04580178
vt -0.04919347 0.1408723
vt -0.04472134 0.1498165
vt -0.05366562 0.1542887
vt -0.05813774 0.1453444
vt -0.09430877 0.07675196
vt -0.09767213 0.08616938
vt -0.1052061 0.0834787
vt -0.1018427 0.07406129
vt -0.05366571 0.1542886
vt -0.04472143 0.1498164
vt -0.03443554 0.1703883
vt -0.04337983 0.1748604
vt 0.09767209 0.08616938
vt 0.09430873 0.07675196
vt 0.1018427 0.07406129
vt 0.105206 0.0834787
vt 0.04919346 0.1408723
vt 0.05813774 0.1453444
vt 0.05366561 0.1542887
vt 0.04472133 0.1498165
vt 0.09767212 0.0861695
vt 0.1052061 0.08347882
vt 0.1129418 0.1051389
vt 0.1054078 0.1078296
vt -0.1199676 0.04580156
vt -0.12578 0.0539389
vt -0.1282212 0.05219518
vt -0.1224088 0.04405786
vt -0.1052061 0.08347891
vt -0.09767215 0.08616959
vt -0.1054078 0.1078297
vt -0.1129418 0.105139
vt -0.1192701 0.05858899
vt -0.1134577 0.05045163
vt -0.09230065 0.06556379
vt -0.09811302 0.07370114
vt 0.1054078 0.1078295
vt 0.1129417 0.1051388
vt 0.1159687 0.1136145
vt 0.1084348 0.1163051
vt 0.03443551 0.1703883
vt 0.04337979 0.1748604
vt 0.03935487 0.1829103
vt 0.03041058 0.1784382
vt -0.1129417 0.1051388
vt -0.1054078 0.1078295
vt -0.1084348 0.1163051
vt -0.1159687 0.1136145
vt 0.1192701 0.05858894
vt 0.1134578 0.05045158
vt 0.1199676 0.04580169
vt 0.12578 0.05393904
vt 0.1054078 0.1078295
vt 0.1084348 0.1163051
vt 0.08394949 0.1250499
vt 0.08092247 0.1165742
vt 0.1134577 0.05045158
vt 0.1192701 0.05858894
vt 0.09811302 0.0737011
vt 0.09230065 0.06556375
vt -0.1084348 0.1163051
vt -0.1054078 0.1078295
vt -0.08092249 0.1165742
vt -0.08394951 0.1250499
vt 0.04337986 0.1748604
vt 0.03443559 0.1703883
vt 0.04472152 0.1498165
vt 0.05366579 0.1542886
vt 0.08092244 0.1165742
vt 0.08394946 0.1250499
vt 0.07359029 0.1287495
vt 0.07056327 0.1202739
vt 0.09230068 0.0655638
vt 0.09811304 0.07370115
vt 0.08916195 0.08009475
vt 0.0833496 0.0719574
vt -0.08394951 0.1250499
vt -0.0809225 0.1165742
vt -0.07056332 0.1202738
vt -0.07359034 0.1287495
vt -0.04337984 0.1748604
vt -0.03443558 0.1703883
vt -0.03041066 0.1784381
vt -0.03935492 0.1829103
vt 0.08092265 0.1165742
vt 0.07056347 0.1202739
vt 0.06282782 0.09861384
vt 0.07318699 0.09491413
vt -0.03443557 0.1703883
vt -0.04337984 0.1748604
vt -0.05366568 0.1542886
vt -0.0447214 0.1498165
vt -0.07056354 0.1202738
vt -0.08092272 0.1165742
vt -0.07318707 0.09491409
vt -0.06282789 0.09861381
vt -0.09811307 0.07370088
vt -0.09230066 0.06556356
vt -0.08334956 0.07195716
vt -0.08916196 0.08009447
vt -0.1052061 0.08347888
vt -0.1129418 0.105139
vt -0.115767 0.10413
vt -0.1080313 0.08246988
vt 0.1257799 0.05393891
vt 0.1199675 0.04580156
vt 0.1224087 0.04405786
vt 0.1282211 0.0521952
vt 0.112942 0.105139
vt 0.1052063 0.08347885
vt 0.1080315 0.08246986
vt 0.1157672 0.1041299
vt 0.04472144 0.1498164
vt 0.05366571 0.1542886
vt 0.04337982 0.1748604
vt 0.03443555 0.1703883
vt 0.04606302 0.1560776
vt 0.04695744 0.1542887
vt 0.0487463 0.1551831
vt 0.04785187 0.156972
vt -0.04606302 0.1560776
vt -0.04785187 0.156972
vt -0.0487463 0.1551831
vt -0.04695744 0.1542887
vt 0.1106547 0.08684207
vt 0.1087712 0.08751474
vt 0.1080985 0.08563126
vt 0.109982 0.08495859
vt -0.1106547 0.08684207
vt -0.109982 0.08495859
vt -0.1080985 0.08563126
vt -0.1087712 0.08751474
vt 0.1255474 0.04673151
vt 0.1267099 0.04835897
vt 0.1250825 0.04952145
vt 0.12392 0.04789398
vt -0.1255474 0.04673151
vt -0.12392 0.04789399
vt -0.1250825 0.04952145
vt -0.1267099 0.04835897
vt 0.04382695 0.1605497
vt 0.04472137 0.1587608
vt 0.04651023 0.1596553
vt 0.0456158 0.1614441
vt -0.04382695 0.1605497
vt -0.0456158 0.1614441
vt -0.04651023 0.1596553
vt -0.04472137 0.1587608
vt 0.1123364 0.09155078
vt 0.1104529 0.09222346
vt 0.1097802 0.09033997
vt 0.1116637 0.08966731
vt -0.1123364 0.09155078
vt -0.1116637 0.08966731
vt -0.1097802 0.09033997
vt -0.1104529 0.09222346
vt 0.1255474 0.04673151
vt 0.1267099 0.04835897
vt 0.1250825 0.04952145
vt 0.12392 0.04789398
vt -0.1255474 0.04673151
vt -0.12392 0.04789398
vt -0.1250825 0.04952145
vt -0.1267099 0.04835897
vt 0.04159086 0.1650218
vt 0.04248529 0.163233
vt 0.04427414 0.1641274
vt 0.04337971 0.1659162
vt -0.04159086 0.1650218
vt -0.04337971 0.1659162
vt -0.04427414 0.1641274
vt -0.04248529 0.163233
vt 0.114018 0.0962595
vt 0.1121346 0.09693217
vt 0.1114619 0.09504868
vt 0.1133454 0.09437601
vt -0.114018 0.0962595
vt -0.1133454 0.09437601
vt -0.1114619 0.09504868
vt -0.1121346 0.09693217
vt 0.1255474 0.04673151
vt 0.1267099 0.04835898
vt 0.1250824 0.04952145
vt 0.12392 0.04789399
vt -0.1255474 0.04673151
vt -0.12392 0.04789399
vt -0.1250824 0.04952145
vt -0.1267099 0.04835898
vt -0.1255474 0.04673155
vt -0.12392 0.04789402
vt -0.1250824 0.04952149
vt -0.1267099 0.04835901
vt 0.1255474 0.04673155
vt 0.1267099 0.04835901
vt 0.1250824 0.04952149
vt 0.12392 0.04789402
vt 0.1150271 0.0990847
vt 0.1156997 0.1009682
vt 0.1138162 0.1016409
vt 0.1131436 0.09975737
vt -0.1150271 0.0990847
vt -0.1131436 0.09975737
vt -0.1138162 0.1016409
vt -0.1156997 0.1009682
vt 0.04024921 0.1677051
vt 0.04203806 0.1685995
vt 0.04114363 0.1703884
vt 0.03935478 0.1694939
vt -0.04024921 0.1677051
vt -0.03935478 0.1694939
vt -0.04114363 0.1703884
vt -0.04203806 0.1685995
vt 0.03443544 0.1793327
vt 0.03622429 0.1802271
vt 0.03532987 0.1820159
vt 0.03354102 0.1811215
vt -0.03443544 0.1793326
vt -0.03354102 0.1811215
vt -0.03532987 0.1820159
vt -0.0362243 0.1802271
vt -0.1190376 0.05138146
vt -0.08892944 0.07288728
vt -0.09009191 0.07451475
vt -0.1202001 0.05300893
vt 0.1190376 0.05138146
vt 0.1202001 0.05300893
vt 0.09009191 0.07451475
vt 0.08892944 0.07288728
vt 0.1118655 0.114018
vt 0.1125382 0.1159015
vt 0.07769371 0.128346
vt 0.07702104 0.1264625
vt -0.1118655 0.114018
vt -0.07702104 0.1264625
vt -0.07769371 0.128346
vt -0.1125382 0.1159015
vt -0.08974317 0.07230603
vt -0.09090565 0.0739335
vt -0.1177589 0.05475263
vt -0.1165964 0.05312517
vt 0.08974317 0.07230603
vt 0.1165964 0.05312517
vt 0.1177589 0.05475263
vt 0.09090565 0.0739335
vt -0.05366565 0.1408723
vt -0.05277122 0.1426611
vt -0.05456007 0.1435556
vt -0.05545449 0.1417667
vt 0.05366565 0.1408723
vt 0.05545449 0.1417667
vt 0.05456007 0.1435556
vt 0.05277122 0.1426611
vt 0.06350031 0.08563124
vt 0.0945778 0.07453214
vt 0.09525047 0.07641563
vt 0.06417298 0.08751473
vt -0.06350031 0.08563124
vt -0.06417298 0.08751473
vt -0.09525047 0.07641563
vt -0.0945778 0.07453214
vt 0.08706947 0.07544471
vt 0.08823195 0.07707219
vt 0.08660449 0.07823466
vt 0.08544201 0.07660719
vt -0.08706947 0.07544471
vt -0.08544201 0.07660719
vt -0.08660449 0.07823466
vt -0.08823195 0.07707219
vt 0.03756594 0.1753077
vt 0.05232398 0.1457916
vt 0.05411283 0.1466861
vt 0.03935479 0.1762021
vt -0.03756594 0.1753077
vt -0.03935479 0.1762021
vt -0.05411283 0.1466861
vt -0.05232399 0.1457916
vt 0.07251413 0.1227628
vt 0.07063065 0.1234355
vt 0.05953155 0.09235798
vt 0.06141504 0.09168531
vt -0.07251413 0.1227628
vt -0.06141504 0.09168531
vt -0.05953155 0.09235798
vt -0.07063065 0.1234355
vt -0.05603653 0.1006628
vt -0.05658159 0.1033252
vt -0.05748629 0.1033711
vt -0.05685039 0.100265
vt 0.02129902 0.1263689
vt 0.02013079 0.1293164
vt 0.01924179 0.1291424
vt 0.02053219 0.1258866
vt 0.08546513 0.1621465
vt 0.08395542 0.1653065
vt 0.08311373 0.1649717
vt 0.08467574 0.1617022
vt 0.1296899 0.1760614
vt 0.128239 0.1793818
vt 0.1274351 0.1789643
vt 0.1288374 0.1757551
vt 0.1469632 0.1553964
vt 0.1460088 0.158766
vt 0.1451971 0.1583638
vt 0.1460612 0.1553133
vt 0.1228221 0.1156314
vt 0.1226706 0.1187983
vt 0.1218053 0.1185302
vt 0.1219352 0.1158157
vt 0.05695307 0.1004752
vt 0.05749813 0.1031375
vt 0.05659343 0.1030916
vt 0.05613921 0.1008729
vt -0.02019717 0.1264194
vt -0.01936272 0.1285247
vt -0.02025172 0.1286987
vt -0.02096399 0.1269017
vt -0.0842602 0.1624403
vt -0.08342688 0.1641846
vt -0.08426856 0.1645194
vt -0.08504958 0.1628847
vt -0.1285509 0.1765523
vt -0.1278255 0.1782125
vt -0.1286294 0.17863
vt -0.1294035 0.1768586
vt -0.1460034 0.15594
vt -0.1454765 0.1577999
vt -0.1462882 0.1582021
vt -0.1469054 0.1560231
vt -0.1219827 0.1160446
vt -0.1218745 0.1183067
vt -0.1227398 0.1185748
vt -0.1228696 0.1158603
vt -0.05768682 0.07621692
vt -0.0568652 0.07880734
vt -0.0576328 0.07928839
vt -0.05859135 0.07626622
vt 0.03258439 0.05652834
vt 0.03243978 0.05969558
vt 0.03154257 0.05982057
vt 0.03170231 0.05632211
vt 0.1069277 0.0999979
vt 0.1056673 0.1032654
vt 0.1048022 0.1029967
vt 0.1061062 0.09961601
vt 0.1412972 0.1525579
vt 0.139381 0.1556332
vt 0.1386459 0.1551037
vt 0.140498 0.1521314
vt 0.1442523 0.1685649
vt 0.1422366 0.1714288
vt 0.1416037 0.1707806
vt 0.1434286 0.1681879
vt 0.1192225 0.1350236
vt 0.1175998 0.1377475
vt 0.1169622 0.137104
vt 0.118353 0.1347693
vt 0.05857863 0.07649977
vt 0.05775701 0.07909019
vt 0.05698943 0.07860915
vt 0.0576741 0.07645046
vt -0.03155903 0.05693495
vt -0.03145573 0.05919725
vt -0.03235294 0.05907226
vt -0.03244111 0.05714117
vt -0.1057491 0.1003841
vt -0.1050534 0.1021877
vt -0.1059186 0.1024564
vt -0.1065706 0.100766
vt -0.1400992 0.1528787
vt -0.1391411 0.1544164
vt -0.1398761 0.1549459
vt -0.1408984 0.1533052
vt -0.1431667 0.1687601
vt -0.142054 0.1703409
vt -0.1426869 0.1709891
vt -0.1439904 0.1691372
vt -0.1182873 0.1349937
vt -0.1171283 0.1369393
vt -0.1177659 0.1375828
vt -0.1191568 0.1352481
vt -0.06899557 0.05841699
vt -0.06692774 0.06018035
vt -0.06732453 0.06099468
vt -0.06973701 0.05893745
vt 0.01942813 -0.02397016
vt 0.02062952 -0.02103606
vt 0.01986818 -0.02054518
vt 0.01854116 -0.02378612
vt 0.1276537 0.03969716
vt 0.1262454 0.04290363
vt 0.1253935 0.04259574
vt 0.1268506 0.03927815
vt 0.1440205 0.1445707
vt 0.1412719 0.1469317
vt 0.140729 0.1462066
vt 0.1433855 0.1439246
vt 0.1308901 0.1812285
vt 0.12792 0.183084
vt 0.1275887 0.1822409
vt 0.1302777 0.180561
vt 0.1087758 0.1475574
vt 0.10608 0.1492262
vt 0.1058109 0.1483613
vt 0.1081216 0.1469309
vt 0.06960262 0.05912887
vt 0.06753479 0.06089223
vt 0.067138 0.06007789
vt 0.06886119 0.05860844
vt -0.01866906 -0.0231699
vt -0.0195272 -0.02107411
vt -0.02028854 -0.02156499
vt -0.01955604 -0.02335394
vt -0.1264588 0.04002921
vt -0.1256814 0.04179912
vt -0.1265334 0.04210701
vt -0.1272619 0.04044822
vt -0.1427814 0.1445183
vt -0.1414071 0.1456989
vt -0.14195 0.146424
vt -0.1434163 0.1451644
vt -0.129814 0.1809865
vt -0.1281745 0.1820107
vt -0.1285058 0.1828539
vt -0.1304264 0.181654
vt -0.1079598 0.1470997
vt -0.1060342 0.1482918
vt -0.1063033 0.1491567
vt -0.108614 0.1477263
vt -0.08678893 0.05714626
vt -0.08408408 0.05740922
vt -0.08394355 0.05830412
vt -0.08709921 0.05799733
vt -0.06911891 -0.0613266
vt -0.06602861 -0.06061788
vt -0.06606609 -0.05971279
vt -0.06947958 -0.06049563
vt 0.1265362 0.0996433
vt 0.1232774 0.1009261
vt 0.1228899 0.1001073
vt 0.1262616 0.09878005
vt 0.1033098 0.1867044
vt 0.09971009 0.1871184
vt 0.09966712 0.1862135
vt 0.1031463 0.1858135
vt 0.09713663 0.1987809
vt 0.09364533 0.1990556
vt 0.09374074 0.1981548
vt 0.0969015 0.1979061
vt 0.09267922 0.1522952
vt 0.08951749 0.1525313
vt 0.089678 0.1516398
vt 0.09238805 0.1514374
vt 0.08687945 0.05807744
vt 0.0841746 0.0583404
vt 0.08431514 0.05744551
vt 0.08656918 0.05722637
vt 0.06890223 -0.06024509
vt 0.06669487 -0.05973885
vt 0.06665739 -0.06064395
vt 0.06854157 -0.06107606
vt -0.1254543 0.09903686
vt -0.1236555 0.09974492
vt -0.1240431 0.1005637
vt -0.1257289 0.0999001
vt -0.1023131 0.1859664
vt -0.1005133 0.1861733
vt -0.1005562 0.1870782
vt -0.1024767 0.1868574
vt -0.09629373 0.1980694
vt -0.09436659 0.1982211
vt -0.09427117 0.1991219
vt -0.09652886 0.1989443
vt -0.09216656 0.1515125
vt -0.08990818 0.1516812
vt -0.08974767 0.1525727
vt -0.09245773 0.1523703
vt -0.1027963 0.07362191
vt -0.10044 0.07226793
vt -0.09980662 0.07291558
vt -0.1025556 0.07449523
vt -0.1387415 0.05837377
vt -0.1369667 0.05574654
vt -0.1361359 0.05610769
vt -0.1380964 0.05900967
vt -0.07503374 0.1833908
vt -0.07668792 0.180304
vt -0.07591995 0.1798236
vt -0.07420843 0.1830174
vt 0.009379668 0.222621
vt 0.006310322 0.2206952
vt 0.006842091 0.2199618
vt 0.009808633 0.2218231
vt 0.04742889 0.2045527
vt 0.0442268 0.2031344
vt 0.04473902 0.2023873
vt 0.04763795 0.2036712
vt 0.07392901 0.1472426
vt 0.07101581 0.1459914
vt 0.07157003 0.1452749
vt 0.07406706 0.1463473
vt 0.1023301 0.07443308
vt 0.09997386 0.07307911
vt 0.1006072 0.07243145
vt 0.1025708 0.07355977
vt 0.1376546 0.05856146
vt 0.1363868 0.05668487
vt 0.1372176 0.05632372
vt 0.1382997 0.05792556
vt 0.0745577 0.1822456
vt 0.07547078 0.1805417
vt 0.07623877 0.1810221
vt 0.07538301 0.182619
vt -0.009062564 0.221422
vt -0.007527894 0.2204591
vt -0.006996127 0.2211924
vt -0.008633608 0.2222199
vt -0.04702559 0.203526
vt -0.04525809 0.2027432
vt -0.04474587 0.2034903
vt -0.04681652 0.2044074
vt -0.07383591 0.1463117
vt -0.07175505 0.1454179
vt -0.07120083 0.1461345
vt -0.07369786 0.1472069
vt -0.1113522 0.09732069
vt -0.1101116 0.09490277
vt -0.1092278 0.09510168
vt -0.1106752 0.09792258
vt -0.1398901 0.128384
vt -0.1396734 0.1252209
vt -0.1387736 0.1251164
vt -0.139013 0.1286103
vt -0.1100345 0.1893928
vt -0.1112812 0.1861202
vt -0.1104582 0.1857417
vt -0.1091683 0.1891278
vt -0.05322741 0.2092022
vt -0.05535879 0.2062719
vt -0.05459217 0.2057894
vt -0.05253217 0.2086215
vt 0.002683539 0.1822744
vt 0.0003523995 0.1796608
vt 0.001127361 0.1791918
vt 0.003237789 0.1815578
vt 0.05716483 0.1311047
vt 0.05515578 0.1286519
vt 0.05597782 0.1282714
vt 0.05769986 0.1303737
vt 0.1105198 0.09774779
vt 0.1092792 0.09532987
vt 0.110163 0.09513097
vt 0.1111968 0.0971459
vt 0.1388558 0.1280009
vt 0.138701 0.1257415
vt 0.1396008 0.125846
vt 0.1397329 0.1277746
vt 0.1094161 0.1883178
vt 0.1101043 0.1865113
vt 0.1109273 0.1868898
vt 0.1102823 0.1885828
vt 0.05307518 0.2079714
vt 0.05414087 0.2065062
vt 0.05490749 0.2069888
vt 0.05377042 0.2085521
vt -0.002739983 0.1811728
vt -0.00145324 0.1797302
vt -0.0006782784 0.1801992
vt -0.002185731 0.1818893
vt -0.05751116 0.1302355
vt -0.05607612 0.1284836
vt -0.05525408 0.1288642
vt -0.05697612 0.1309665
vt -0.1129778 0.1181078
vt -0.1131077 0.1153933
vt -0.1122424 0.1151252
vt -0.1120909 0.1182921
vt -0.1393852 0.1567176
vt -0.1402493 0.1536671
vt -0.1394376 0.1532649
vt -0.1384832 0.1566344
vt -0.1259866 0.1783313
vt -0.1273889 0.1751222
vt -0.126585 0.1747047
vt -0.1251341 0.1780251
vt -0.08617115 0.1664324
vt -0.08773316 0.1631629
vt -0.08689148 0.162828
vt -0.08538178 0.165988
vt -0.02651306 0.1320243
vt -0.02780346 0.1287686
vt -0.02691446 0.1285946
vt -0.02574623 0.1315421
vt 0.04710971 0.1054955
vt 0.04647381 0.1023894
vt 0.04737851 0.1024353
vt 0.04792357 0.1050977
vt 0.1120433 0.1180631
vt 0.1121732 0.1153486
vt 0.1130385 0.1156167
vt 0.1129302 0.1178788
vt 0.138541 0.1560077
vt 0.1391582 0.1538288
vt 0.1399698 0.154231
vt 0.139443 0.1560909
vt 0.1254206 0.1772279
vt 0.1261946 0.1754565
vt 0.1269985 0.175874
vt 0.1262731 0.1775341
vt 0.08579729 0.1652498
vt 0.08657829 0.163615
vt 0.08741999 0.1639499
vt 0.08658666 0.1656942
vt 0.02608138 0.1310094
vt 0.02679365 0.1292123
vt 0.02768265 0.1293863
vt 0.0268482 0.1314916
vt -0.04782091 0.1048875
vt -0.04736669 0.1026689
vt -0.04646199 0.1026229
vt -0.04700705 0.1052853
vt -0.1093697 0.132581
vt -0.1107606 0.1302463
vt -0.110123 0.1296028
vt -0.1085003 0.1323267
vt -0.1366641 0.1673039
vt -0.1384889 0.1647111
vt -0.1378561 0.164063
vt -0.1358404 0.1669268
vt -0.1373044 0.1542678
vt -0.1391564 0.1512955
vt -0.1384214 0.150766
vt -0.1365052 0.1538413
vt -0.1079636 0.1042161
vt -0.1092676 0.1008354
vt -0.1084025 0.1005667
vt -0.1071422 0.1038342
vt -0.03935604 0.06017728
vt -0.03951577 0.05667882
vt -0.03861857 0.05680381
vt -0.03847396 0.05997105
vt 0.04753669 0.07608618
vt 0.04849524 0.07306401
vt 0.04926283 0.07354505
vt 0.04844121 0.07613548
vt 0.108566 0.1321022
vt 0.1099568 0.1297675
vt 0.1105945 0.1304109
vt 0.1094354 0.1323566
vt 0.1361023 0.1663546
vt 0.1374058 0.1645026
vt 0.1380386 0.1651508
vt 0.136926 0.1667316
vt 0.136904 0.153094
vt 0.1379263 0.1514533
vt 0.1386613 0.1519828
vt 0.1377032 0.1535204
vt 0.1074993 0.1030661
vt 0.1081512 0.1013757
vt 0.1090164 0.1016444
vt 0.1083207 0.103448
vt 0.03861729 0.05935826
vt 0.03870546 0.05742718
vt 0.03960267 0.05730218
vt 0.03949937 0.05956449
vt -0.04845399 0.07590196
vt -0.04913867 0.07374327
vt -0.04837108 0.07326223
vt -0.04754947 0.07585265
vt -0.1011592 0.140847
vt -0.1034699 0.1394166
vt -0.1032008 0.1385516
vt -0.100505 0.1402204
vt -0.1243883 0.1771179
vt -0.1270772 0.175438
vt -0.126746 0.1745949
vt -0.1237758 0.1764504
vt -0.139699 0.1450075
vt -0.1423556 0.1427256
vt -0.1418127 0.1420004
vt -0.139064 0.1443614
vt -0.1284958 0.0439583
vt -0.1299529 0.0406407
vt -0.129101 0.04033281
vt -0.1276927 0.04353928
vt -0.02710653 -0.023509
vt -0.0257795 -0.02674994
vt -0.02501816 -0.02625906
vt -0.02621956 -0.02332497
vt 0.06045191 0.05293534
vt 0.06286439 0.0508781
vt 0.06326119 0.05169244
vt 0.06119335 0.05345579
vt 0.1006667 0.1400515
vt 0.1029774 0.1386211
vt 0.1032465 0.1394861
vt 0.101321 0.1406781
vt 0.1242395 0.1760249
vt 0.1261602 0.174825
vt 0.1264915 0.1756682
vt 0.124852 0.1766924
vt 0.1396682 0.1437677
vt 0.1411346 0.1425081
vt 0.1416775 0.1432332
vt 0.1403031 0.1444137
vt 0.1280845 0.04278827
vt 0.1288131 0.04112948
vt 0.129665 0.04143737
vt 0.1288877 0.04320728
vt 0.02609174 -0.02394119
vt 0.02535924 -0.02573013
vt 0.02612058 -0.02622101
vt 0.02697871 -0.02412522
vt -0.06132777 0.05326443
vt -0.06305096 0.05179496
vt -0.06265416 0.05098063
vt -0.06058633 0.05274398
vt -0.08901975 0.1428267
vt -0.0917298 0.1426243
vt -0.09189031 0.1417328
vt -0.08872859 0.1419689
vt -0.0932669 0.1921329
vt -0.09642766 0.1918842
vt -0.09652308 0.1909833
vt -0.09303177 0.191258
vt -0.09948657 0.1846432
vt -0.1029657 0.1842431
vt -0.1029228 0.1833383
vt -0.09932304 0.1837522
vt -0.1241311 0.1032601
vt -0.1275027 0.1019328
vt -0.1271152 0.101114
vt -0.1238565 0.1023968
vt 0.06431769 -0.06733648
vt 0.06773117 -0.06811932
vt 0.06776866 -0.06721423
vt 0.06467836 -0.0665055
vt 0.08291866 0.04776203
vt 0.08607431 0.04745524
vt 0.08593378 0.04835015
vt 0.08322893 0.0486131
vt 0.08895008 0.1418938
vt 0.09166013 0.1416914
vt 0.09149961 0.1425829
vt 0.08924124 0.1427515
vt 0.09363955 0.1910947
vt 0.09589724 0.190917
vt 0.09580182 0.1918179
vt 0.09387469 0.1919695
vt 0.1001562 0.1835993
vt 0.1020766 0.1833784
vt 0.1021196 0.1842833
vt 0.1003197 0.1844902
vt 0.1246637 0.1021401
vt 0.1263495 0.1014765
vt 0.126737 0.1022953
vt 0.1249383 0.1030033
vt -0.06525563 -0.06675612
vt -0.06713982 -0.06718824
vt -0.06710233 -0.06809333
vt -0.06489497 -0.06758709
vt -0.08344869 0.04853306
vt -0.08570273 0.04831393
vt -0.08584327 0.04741903
vt -0.08313842 0.04768199
vt -0.07505766 0.1371546
vt -0.07755469 0.138227
vt -0.07810892 0.1375105
vt -0.07519571 0.1362593
vt -0.04718519 0.1968642
vt -0.05008412 0.1981482
vt -0.05059636 0.197401
vt -0.04739425 0.1959828
vt -0.007682187 0.2186229
vt -0.01064874 0.2204842
vt -0.0111805 0.2197508
vt -0.008111151 0.217825
vt 0.07890651 0.1814241
vt 0.077195 0.1846178
vt 0.07642701 0.1841374
vt 0.07808121 0.1810506
vt 0.1426173 0.05172926
vt 0.1445777 0.05463125
vt 0.1437469 0.0549924
vt 0.1419721 0.05236517
vt 0.1050837 0.06373203
vt 0.1078327 0.06531168
vt 0.1071994 0.06595933
vt 0.1048431 0.06460536
vt 0.07542687 0.1362949
vt 0.07792391 0.1373674
vt 0.07736968 0.1380839
vt 0.07528882 0.1371902
vt 0.0480066 0.1961281
vt 0.05007727 0.1970452
vt 0.04956504 0.1977924
vt 0.04779754 0.1970095
vt 0.008857216 0.2182261
vt 0.0104947 0.2192535
vt 0.009962931 0.2199869
vt 0.008428259 0.219024
vt -0.07773195 0.1818224
vt -0.0768762 0.1834193
vt -0.07764418 0.1838997
vt -0.07855727 0.1821958
vt -0.1424139 0.05281333
vt -0.143496 0.05441518
vt -0.1443268 0.05405401
vt -0.143059 0.05217743
vt -0.1050686 0.06466749
vt -0.1070321 0.06579581
vt -0.1076655 0.06514816
vt -0.1053092 0.06379418
vt -0.06281466 0.1226713
vt -0.0645367 0.1247737
vt -0.06535874 0.1243931
vt -0.06334969 0.1219403
vt -0.00563525 0.1751709
vt -0.007745681 0.177537
vt -0.00852064 0.1770679
vt -0.006189509 0.1744544
vt 0.05331381 0.2048595
vt 0.05125383 0.2076917
vt 0.0504872 0.2072091
vt 0.05261858 0.2042788
vt 0.1136246 0.186948
vt 0.1123346 0.1903341
vt 0.1115116 0.1899556
vt 0.1127584 0.186683
vt 0.1465769 0.1245817
vt 0.1468163 0.1280756
vt 0.1459165 0.1279711
vt 0.1456998 0.124808
vt 0.1186516 0.09026657
vt 0.120099 0.09308747
vt 0.1192152 0.09328637
vt 0.1179746 0.09086846
vt 0.06353842 0.1220785
vt 0.06526047 0.1241808
vt 0.06443843 0.1245614
vt 0.0630034 0.1228094
vt 0.006687263 0.1748395
vt 0.008194713 0.1765296
vt 0.007419753 0.1769986
vt 0.006133012 0.175556
vt -0.05207561 0.204929
vt -0.05093853 0.2064923
vt -0.05170515 0.2069748
vt -0.05277085 0.2055097
vt -0.1125105 0.1874929
vt -0.1118655 0.189186
vt -0.1126885 0.1895645
vt -0.1133767 0.187758
vt -0.145857 0.1254173
vt -0.1459891 0.1273459
vt -0.146889 0.1274504
vt -0.1467341 0.125191
vt -0.11813 0.09104325
vt -0.1191638 0.09305818
vt -0.1200476 0.09285928
vt -0.118807 0.09044136
vt -0.05383977 0.101707
vt -0.05415123 0.1032283
vt -0.05466821 0.1032546
vt -0.05430483 0.1014797
vt 0.02342221 0.1279413
vt 0.02275465 0.1296255
vt 0.02224666 0.1295261
vt 0.02298403 0.1276657
vt 0.08697597 0.1637001
vt 0.08611329 0.1655058
vt 0.08563232 0.1653144
vt 0.0865249 0.1634461
vt 0.1302661 0.1771606
vt 0.129437 0.1790579
vt 0.1289776 0.1788193
vt 0.129779 0.1769855
vt 0.1463571 0.1560047
vt 0.1458117 0.1579302
vt 0.1453479 0.1577004
vt 0.1458417 0.1559572
vt 0.1209898 0.1162239
vt 0.1209032 0.1180335
vt 0.1204088 0.1178803
vt 0.120483 0.1163292
vt 0.05436349 0.1015997
vt 0.05467494 0.1031211
vt 0.05415798 0.1030949
vt 0.05389842 0.101827
vt -0.02279249 0.1279701
vt -0.02231566 0.1291731
vt -0.02282366 0.1292726
vt -0.02323068 0.1282457
vt -0.08628742 0.1638679
vt -0.08581124 0.1648646
vt -0.0862922 0.165056
vt -0.08673849 0.1641219
vt -0.1296152 0.1774411
vt -0.1292007 0.1783898
vt -0.1296601 0.1786283
vt -0.1301024 0.1776161
vt -0.1458086 0.1563153
vt -0.1455076 0.1573781
vt -0.1459714 0.1576079
vt -0.1463241 0.1563628
vt -0.1205101 0.11646
vt -0.1204483 0.1177527
vt -0.1209427 0.1179059
vt -0.121017 0.1163547
vt -0.05525975 0.07605806
vt -0.05479025 0.0775383
vt -0.05522888 0.07781319
vt -0.05577663 0.07608624
vt 0.03510384 0.05732349
vt 0.03502121 0.05913334
vt 0.03450852 0.05920476
vt 0.0345998 0.05720565
vt 0.1085543 0.1014296
vt 0.1078341 0.1032968
vt 0.1073398 0.1031432
vt 0.1080849 0.1012114
vt 0.1417082 0.1537288
vt 0.1406132 0.1554862
vt 0.1401932 0.1551836
vt 0.1412515 0.1534851
vt 0.143479 0.1689384
vt 0.1423272 0.1705748
vt 0.1419656 0.1702045
vt 0.1430084 0.1687229
vt 0.1173267 0.1346851
vt 0.1163995 0.1362416
vt 0.1160351 0.1358739
vt 0.1168299 0.1345398
vt 0.05576931 0.07621966
vt 0.05529981 0.07769989
vt 0.0548612 0.07742502
vt 0.05525244 0.07619148
vt -0.03451797 0.05755583
vt -0.03445894 0.05884858
vt -0.03497163 0.05877715
vt -0.03502201 0.05767367
vt -0.1078808 0.1016504
vt -0.1074833 0.102681
vt -0.1079777 0.1028345
vt -0.1083502 0.1018686
vt -0.1410236 0.1539122
vt -0.1404761 0.1547908
vt -0.1408962 0.1550934
vt -0.1414803 0.1541559
vt -0.1428587 0.1690499
vt -0.1422229 0.1699532
vt -0.1425845 0.1703236
vt -0.1433294 0.1692654
vt -0.1167924 0.134668
vt -0.1161301 0.1357798
vt -0.1164944 0.1361475
vt -0.1172892 0.1348134
vt -0.06702016 0.05699798
vt -0.06583853 0.05800561
vt -0.06606527 0.05847095
vt -0.06744383 0.05729538
vt 0.02204826 -0.02430883
vt 0.02273476 -0.02263221
vt 0.02229972 -0.0223517
vt 0.02154142 -0.02420367
vt 0.1292133 0.04120182
vt 0.1284085 0.04303409
vt 0.1279217 0.04285815
vt 0.1287543 0.04096239
vt 0.1440623 0.1458109
vt 0.1424917 0.1471601
vt 0.1421814 0.1467457
vt 0.1436995 0.1454418
vt 0.1300325 0.1812721
vt 0.1283353 0.1823324
vt 0.128146 0.1818506
vt 0.1296826 0.1808907
vt 0.1072497 0.1463829
vt 0.1057092 0.1473366
vt 0.1055555 0.1468423
vt 0.1068758 0.1460249
vt 0.06736702 0.05740472
vt 0.0661854 0.05841235
vt 0.06595866 0.05794702
vt 0.06694335 0.05710733
vt -0.02161452 -0.02385158
vt -0.02210488 -0.02265399
vt -0.02253993 -0.02293449
vt -0.02212136 -0.02395674
vt -0.1285304 0.0413915
vt -0.1280862 0.04240288
vt -0.128573 0.04257882
vt -0.1289894 0.04163093
vt -0.1433543 0.1457811
vt -0.1425689 0.1464557
vt -0.1428792 0.14687
vt -0.1437171 0.1461503
vt -0.1294176 0.1811338
vt -0.1284807 0.1817191
vt -0.12867 0.1822009
vt -0.1297676 0.1815152
vt -0.1067834 0.1461214
vt -0.1056831 0.1468026
vt -0.1058368 0.1472968
vt -0.1071572 0.1464794
vt -0.08598081 0.05485217
vt -0.08443518 0.05500243
vt -0.08435488 0.05551381
vt -0.08615811 0.0553385
vt -0.06788603 -0.0636632
vt -0.06612014 -0.06325822
vt -0.06614156 -0.06274103
vt -0.06809212 -0.06318836
vt 0.1265825 0.1018097
vt 0.1247204 0.1025427
vt 0.1244989 0.1020749
vt 0.1264256 0.1013164
vt 0.1026491 0.1877549
vt 0.1005921 0.1879914
vt 0.1005675 0.1874744
vt 0.1025556 0.1872458
vt 0.09635575 0.1984237
vt 0.09436072 0.1985807
vt 0.09441523 0.1980659
vt 0.09622139 0.1979238
vt 0.09186749 0.1505489
vt 0.09006079 0.1506838
vt 0.09015251 0.1501744
vt 0.09170111 0.1500587
vt 0.08603253 0.0553842
vt 0.08448691 0.05553446
vt 0.08456721 0.0550231
vt 0.08585523 0.05489787
vt 0.06776217 -0.0630452
vt 0.06650081 -0.06275593
vt 0.0664794 -0.06327312
vt 0.06755607 -0.06352004
vt -0.1259643 0.1014633
vt -0.1249364 0.1018679
vt -0.1251578 0.1023358
vt -0.1261212 0.1019566
vt -0.1020795 0.1873331
vt -0.101051 0.1874514
vt -0.1010756 0.1879685
vt -0.102173 0.1878423
vt -0.09587409 0.1980171
vt -0.09477286 0.1981038
vt -0.09471834 0.1986185
vt -0.09600845 0.198517
vt -0.09157454 0.1501016
vt -0.09028404 0.150198
vt -0.09019233 0.1507075
vt -0.09174092 0.1505918
vt -0.1034679 0.07128421
vt -0.1021215 0.07051051
vt -0.1017596 0.07088061
vt -0.1033304 0.07178326
vt -0.1404768 0.05638162
vt -0.1394626 0.05488035
vt -0.1389879 0.05508672
vt -0.1401081 0.05674499
vt -0.0771801 0.1836895
vt -0.07812536 0.1819256
vt -0.0776865 0.1816511
vt -0.0767085 0.1834761
vt 0.008207469 0.2230284
vt 0.006453555 0.2219279
vt 0.006757423 0.2215089
vt 0.008452589 0.2225724
vt 0.04691173 0.2038672
vt 0.04508197 0.2030567
vt 0.04537467 0.2026298
vt 0.04703119 0.2033635
vt 0.07401584 0.1453189
vt 0.07235115 0.1446039
vt 0.07266785 0.1441944
vt 0.07409472 0.1448073
vt 0.1032016 0.07174771
vt 0.1018551 0.07097401
vt 0.1022171 0.07060393
vt 0.1033391 0.07124868
vt 0.1398557 0.05648884
vt 0.1391313 0.05541651
vt 0.139606 0.05521013
vt 0.1402243 0.05612547
vt 0.07690798 0.1830352
vt 0.07742974 0.1820615
vt 0.07786859 0.1823361
vt 0.07737958 0.1832486
vt -0.008026218 0.2223432
vt -0.007149263 0.221793
vt -0.006845395 0.2222121
vt -0.007781099 0.2227992
vt -0.04668127 0.2032805
vt -0.04567128 0.2028331
vt -0.04537858 0.2032601
vt -0.04656181 0.2037841
vt -0.07396265 0.1447869
vt -0.07277359 0.1442762
vt -0.07245689 0.1446856
vt -0.07388376 0.1452985
vt -0.1131875 0.09572453
vt -0.1124786 0.09434287
vt -0.1119736 0.09445652
vt -0.1128006 0.09606847
vt -0.1423908 0.1275316
vt -0.142267 0.1257241
vt -0.1417528 0.1256644
vt -0.1418896 0.1276609
vt -0.1122014 0.1894153
vt -0.1129138 0.1875452
vt -0.1124435 0.1873289
vt -0.1117064 0.1892638
vt -0.05446701 0.2091438
vt -0.05568494 0.2074693
vt -0.05524687 0.2071935
vt -0.05406974 0.2088119
vt 0.002495494 0.1814365
vt 0.001163415 0.1799431
vt 0.001606247 0.179675
vt 0.002812215 0.1810271
vt 0.05812829 0.1294373
vt 0.05698025 0.1280357
vt 0.05744999 0.1278183
vt 0.05843402 0.1290196
vt 0.1127118 0.09596857
vt 0.1120029 0.09458691
vt 0.1125079 0.09447326
vt 0.1130987 0.09562465
vt 0.1417998 0.1273127
vt 0.1417113 0.1260217
vt 0.1422255 0.1260814
vt 0.142301 0.1271834
vt 0.111848 0.1888009
vt 0.1122413 0.1877687
vt 0.1127116 0.187985
vt 0.112343 0.1889524
vt 0.05438007 0.2084404
vt 0.05498903 0.2076032
vt 0.0554271 0.2078789
vt 0.05477734 0.2087723
vt -0.002527714 0.180807
vt -0.001792435 0.1799827
vt -0.001349603 0.1802507
vt -0.002211006 0.1812165
vt -0.05832618 0.1289406
vt -0.05750616 0.1279395
vt -0.05703642 0.128157
vt -0.05802044 0.1293583
vt -0.1153645 0.117639
vt -0.1154387 0.1160879
vt -0.1149443 0.1159346
vt -0.1148577 0.1177443
vt -0.1420268 0.1567597
vt -0.1425206 0.1550166
vt -0.1420568 0.1547867
vt -0.1415114 0.1567122
vt -0.1281499 0.1784577
vt -0.1289512 0.1766239
vt -0.1284918 0.1763853
vt -0.1276628 0.1782826
vt -0.0873794 0.1661491
vt -0.08827199 0.1642808
vt -0.08779102 0.1640895
vt -0.08692833 0.1658952
vt -0.02640163 0.1311729
vt -0.027139 0.1293125
vt -0.02663101 0.1292131
vt -0.02596345 0.1308973
vt 0.04873876 0.1044685
vt 0.04837539 0.1026936
vt 0.04889236 0.1027198
vt 0.04920382 0.1042412
vt 0.1148305 0.1176135
vt 0.1149047 0.1160623
vt 0.1153992 0.1162155
vt 0.1153373 0.1175082
vt 0.1415444 0.156354
vt 0.1418971 0.1551089
vt 0.1423609 0.1553388
vt 0.1420599 0.1564016
vt 0.1278265 0.1778271
vt 0.1282687 0.1768149
vt 0.1287281 0.1770535
vt 0.1283136 0.1780021
vt 0.08716574 0.1654733
vt 0.08761203 0.1645392
vt 0.088093 0.1647305
vt 0.08761682 0.1657273
vt 0.02615492 0.1305929
vt 0.02656194 0.129566
vt 0.02706994 0.1296654
vt 0.0265931 0.1308685
vt -0.04914513 0.1041211
vt -0.04888558 0.1028533
vt -0.04836861 0.102827
vt -0.04868007 0.1043484
vt -0.1116966 0.1332893
vt -0.1124914 0.1319552
vt -0.112127 0.1315875
vt -0.1111998 0.133144
vt -0.1391429 0.1682177
vt -0.1401857 0.1667362
vt -0.1398241 0.1663658
vt -0.1386722 0.1680023
vt -0.1394266 0.1547059
vt -0.1404849 0.1530074
vt -0.1400649 0.1527049
vt -0.1389699 0.1544622
vt -0.1091463 0.1038401
vt -0.1098914 0.1019082
vt -0.1093971 0.1017547
vt -0.1086769 0.1036218
vt -0.03897332 0.05940858
vt -0.0390646 0.05740946
vt -0.03855192 0.05748088
vt -0.03846929 0.05929073
vt 0.04945965 0.07598333
vt 0.0500074 0.07425638
vt 0.05044603 0.07453126
vt 0.04997653 0.0760115
vt 0.1112373 0.1330157
vt 0.1120321 0.1316816
vt 0.1123965 0.1320493
vt 0.1117341 0.1331611
vt 0.1388219 0.1676753
vt 0.1395668 0.1666171
vt 0.1399284 0.1669874
vt 0.1392926 0.1678908
vt 0.1391978 0.1540352
vt 0.139782 0.1530976
vt 0.140202 0.1534002
vt 0.1396545 0.1542789
vt 0.1088809 0.1031829
vt 0.1092535 0.102217
vt 0.1097478 0.1023705
vt 0.1093503 0.1034011
vt 0.03855122 0.05894057
vt 0.0386016 0.05783709
vt 0.03911429 0.05776566
vt 0.03905527 0.05905842
vt -0.04998384 0.07587807
vt -0.05037509 0.07464453
vt -0.04993647 0.07436965
vt -0.04946697 0.0758499
vt -0.1028973 0.1425484
vt -0.1042177 0.141731
vt -0.104064 0.1412368
vt -0.1025235 0.1421904
vt -0.1263172 0.1789232
vt -0.1278537 0.1779633
vt -0.1276644 0.1774815
vt -0.1259672 0.1785418
vt -0.1415929 0.1460606
vt -0.1431109 0.1447566
vt -0.1428007 0.1443422
vt -0.14123 0.1456914
vt -0.1296945 0.04363675
vt -0.1305271 0.04174099
vt -0.1300403 0.04156505
vt -0.1292355 0.04339732
vt -0.0264359 -0.02404532
vt -0.0256776 -0.02589729
vt -0.02524255 -0.02561679
vt -0.02592906 -0.02394016
vt 0.06213806 0.05386559
vt 0.06351662 0.05269002
vt 0.06374336 0.05315536
vt 0.06256174 0.05416299
vt 0.102616 0.1420939
vt 0.1039363 0.1412765
vt 0.1040901 0.1417708
vt 0.1029898 0.1424519
vt 0.1262322 0.1782987
vt 0.1273297 0.177613
vt 0.127519 0.1780948
vt 0.1265822 0.1786801
vt 0.1415753 0.1453521
vt 0.1424132 0.1446323
vt 0.1427234 0.1450467
vt 0.1419381 0.1457213
vt 0.1294594 0.04296811
vt 0.1298757 0.04202023
vt 0.1303625 0.04219617
vt 0.1299184 0.04320754
vt 0.02585601 -0.0242923
vt 0.02543744 -0.02531456
vt 0.0258725 -0.02559506
vt 0.02636286 -0.02439747
vt -0.06263854 0.05405362
vt -0.06362323 0.05321394
vt -0.06339649 0.05274861
vt -0.06221487 0.05375624
vt -0.08977637 0.1451383
vt -0.09132497 0.1450227
vt -0.09141669 0.1445132
vt -0.08961 0.1446482
vt -0.09414448 0.1946248
vt -0.09595063 0.1944827
vt -0.09600516 0.1939679
vt -0.09401011 0.1941249
vt -0.1004643 0.186577
vt -0.1024524 0.1863484
vt -0.1024279 0.1858314
vt -0.1003709 0.1860679
vt -0.1252081 0.1038767
vt -0.1271347 0.1031183
vt -0.1269133 0.1026504
vt -0.1250512 0.1033834
vt 0.06514245 -0.06709742
vt 0.06709301 -0.06754475
vt 0.06711443 -0.06702756
vt 0.06534854 -0.06662257
vt 0.08376923 0.04948977
vt 0.08557247 0.04931446
vt 0.08549216 0.04982583
vt 0.08394653 0.04997609
vt 0.08973656 0.1446052
vt 0.09128516 0.1444896
vt 0.09119344 0.144999
vt 0.08990294 0.1450954
vt 0.09435744 0.1940316
vt 0.09564754 0.19393
vt 0.09559302 0.1944448
vt 0.09449179 0.1945315
vt 0.100847 0.1859805
vt 0.1019444 0.1858543
vt 0.1019689 0.1863714
vt 0.1009404 0.1864896
vt 0.1255125 0.1032365
vt 0.1264758 0.1028573
vt 0.1266973 0.1033252
vt 0.1256694 0.1037298
vt -0.0656784 -0.06676577
vt -0.06675508 -0.06701269
vt -0.06673366 -0.06752989
vt -0.06547231 -0.06724061
vt -0.08407211 0.04993035
vt -0.08536012 0.04980512
vt -0.08544044 0.04929376
vt -0.08389481 0.04944402
vt -0.07466079 0.1395543
vt -0.07608767 0.1401671
vt -0.07640436 0.1397576
vt -0.07473967 0.1390427
vt -0.04677251 0.1994738
vt -0.04842904 0.2002074
vt -0.04872175 0.1997805
vt -0.04689198 0.1989701
vt -0.007237419 0.2207437
vt -0.008932589 0.2218073
vt -0.009236457 0.2213883
vt -0.007482541 0.2202878
vt 0.07939301 0.1825657
vt 0.07841499 0.1843908
vt 0.07797615 0.1841162
vt 0.0789214 0.1823523
vt 0.1426915 0.05258472
vt 0.1438117 0.05424299
vt 0.143337 0.05444936
vt 0.1423228 0.05294809
vt 0.1047751 0.06563285
vt 0.1063459 0.0665355
vt 0.105984 0.0669056
vt 0.1046375 0.0661319
vt 0.07487176 0.1390631
vt 0.07629863 0.1396759
vt 0.07598193 0.1400854
vt 0.07479286 0.1395747
vt 0.04724186 0.1990531
vt 0.04842509 0.1995772
vt 0.0481324 0.2000041
vt 0.0471224 0.1995568
vt 0.007908877 0.220517
vt 0.008844581 0.2211041
vt 0.008540713 0.2215232
vt 0.007663755 0.220973
vt -0.07872189 0.1827933
vt -0.07823288 0.1837058
vt -0.07867173 0.1839804
vt -0.07919349 0.1830067
vt -0.1425753 0.05320423
vt -0.1431936 0.05411958
vt -0.1436684 0.05391319
vt -0.1429439 0.05284085
vt -0.1047664 0.06616741
vt -0.1058884 0.06681216
vt -0.1062503 0.06644207
vt -0.1049039 0.06566837
vt -0.06135675 0.1246182
vt -0.06234078 0.1258195
vt -0.06281051 0.1256021
vt -0.06166248 0.1242005
vt -0.00418217 0.1773774
vt -0.005388138 0.1787294
vt -0.00583097 0.1784614
vt -0.004498892 0.1769679
vt 0.05451651 0.2066622
vt 0.05333937 0.2082806
vt 0.0529013 0.2080048
vt 0.05411922 0.2063304
vt 0.1142529 0.1880182
vt 0.1135158 0.1899531
vt 0.1130455 0.1897368
vt 0.1137579 0.1878667
vt 0.1462118 0.1253589
vt 0.1463486 0.1273554
vt 0.1458345 0.1272957
vt 0.1457106 0.1254882
vt 0.1173586 0.0916936
vt 0.1181856 0.09330554
vt 0.1176806 0.09341919
vt 0.1169717 0.09203753
vt 0.06177031 0.1242795
vt 0.06275433 0.1254808
vt 0.06228459 0.1256983
vt 0.06146457 0.1246972
vt 0.004783315 0.177188
vt 0.005644718 0.1781537
vt 0.005201886 0.1784218
vt 0.004466607 0.1775974
vt -0.05380891 0.2067019
vt -0.05315915 0.2075952
vt -0.05359722 0.207871
vt -0.05420619 0.2070337
vt -0.1136162 0.1883296
vt -0.1132477 0.1892971
vt -0.113718 0.1895133
vt -0.1141112 0.1884811
vt -0.1458004 0.1258364
vt -0.145876 0.1269384
vt -0.1463901 0.1269982
vt -0.1463017 0.1257071
vt -0.1170605 0.09213741
vt -0.1176513 0.09328881
vt -0.1181563 0.09317515
vt -0.1174474 0.09179348
vt 0.1152563 0.1404887
vt 0.1142496 0.1407305
vt 0.1134307 0.1341077
vt 0.1144373 0.1338659
vt -0.03900913 0.2117002
vt -0.03973377 0.2109609
vt -0.03427518 0.2071221
vt -0.03355053 0.2078615
vt -0.08461373 0.2080095
vt -0.08514326 0.2071199
vt -0.07891791 0.2047163
vt -0.07838836 0.2056059
vt -0.105213 0.173275
vt -0.1056599 0.1723412
vt -0.09931991 0.1702588
vt -0.09887297 0.1711927
vt -0.1216006 0.1150978
vt -0.1220155 0.1141493
vt -0.1157632 0.1118167
vt -0.1153483 0.1127652
vt -0.1404206 0.06614736
vt -0.1409357 0.06524935
vt -0.1352602 0.06173934
vt -0.134745 0.06263734
vt -0.1143666 0.1412169
vt -0.1153732 0.1409752
vt -0.1145542 0.1343524
vt -0.1135476 0.1345941
vt 0.0398884 0.2111122
vt 0.03916375 0.2118516
vt 0.03370515 0.2080129
vt 0.0344298 0.2072735
vt 0.08503197 0.2070537
vt 0.08450244 0.2079433
vt 0.07827708 0.2055398
vt 0.07880662 0.2046502
vt 0.1052649 0.1721519
vt 0.1048179 0.1730857
vt 0.09847789 0.1710034
vt 0.09892483 0.1700696
vt 0.1214421 0.1138985
vt 0.1210272 0.114847
vt 0.114775 0.1125144
vt 0.1151899 0.1115659
vt 0.1403735 0.0649268
vt 0.1398583 0.06582479
vt 0.1341828 0.06231478
vt 0.1346979 0.06141677
vt 0.134349 0.1355887
vt 0.1348347 0.1346744
vt 0.1534318 0.1453009
vt 0.08892735 0.1062822
vt 0.08789549 0.1063662
vt 0.08695988 0.1059231
vt 0.0863712 0.1050714
vt 0.0862872 0.1040396
vt 0.08673038 0.103104
vt 0.08758201 0.1025153
vt 0.08861388 0.1024313
vt 0.0895495 0.1028745
vt 0.09013817 0.1037261
vt 0.09022216 0.1047579
vt 0.08977897 0.1056936
vt 0.1152938 0.177047
vt 0.1157359 0.1761108
vt 0.1343053 0.186913
vt 0.08115587 0.2094698
vt 0.08169729 0.2085878
vt 0.09913029 0.2204821
vt 0.09855772 0.2220668
vt 0.01920172 0.2198119
vt 0.02000457 0.2191582
vt 0.03219702 0.2364403
vt -0.1056084 0.1750021
vt -0.104584 0.1751514
vt -0.1092607 0.1958344
vt -0.1472981 0.1264394
vt -0.1465765 0.1271816
vt -0.161731 0.1421261
vt -0.1628442 0.1408608
vt -0.1385447 0.1421824
vt -0.1380356 0.1430839
vt -0.1563655 0.1538193
vt -0.1214057 0.1775537
vt -0.1209694 0.1784925
vt -0.140073 0.1876911
vt -0.09503854 0.2034822
vt -0.09454936 0.2043945
vt -0.1127255 0.2160435
vt -0.1131988 0.2144261
vt -0.03232232 0.2144527
vt -0.03156611 0.2151598
vt -0.04545193 0.23159
vt 0.1071012 0.1655392
vt 0.1081222 0.1653679
vt 0.1117302 0.1865473
vt 0.1462401 0.1073323
vt 0.1468987 0.1065337
vt 0.1637675 0.1197216
vt 0.1627579 0.1210709
vt -0.1010701 0.1436832
vt -0.1001073 0.1423
vt -0.09872407 0.1432628
vt -0.09968685 0.144646
vt -0.05508409 0.08414756
vt -0.05474854 0.08526286
vt -0.05508053 0.0854641
vt -0.05547201 0.08416291
vt 0.04364948 0.0660316
vt 0.04360636 0.06738971
vt 0.04322262 0.06744861
vt 0.04327026 0.06594847
vt 0.1232628 0.110966
vt 0.1227718 0.1123844
vt 0.1223973 0.1122822
vt 0.1229052 0.1108148
vt 0.1590579 0.1645905
vt 0.1582907 0.1659406
vt 0.1579668 0.1657266
vt 0.1587083 0.1644217
vt 0.1588398 0.1797598
vt 0.1580239 0.1810196
vt 0.1577422 0.1807525
vt 0.1584808 0.179612
vt 0.1262853 0.143723
vt 0.1256274 0.1449119
vt 0.1253455 0.144645
vt 0.1259094 0.1436259
vt 0.05546805 0.08426309
vt 0.05513251 0.08537839
vt 0.05480051 0.08517715
vt 0.05508013 0.08424773
vt -0.04321253 0.06621192
vt -0.04318172 0.06718199
vt -0.04356546 0.06712309
vt -0.04359176 0.06629504
vt -0.1227637 0.1111491
vt -0.1224928 0.111932
vt -0.1228673 0.1120341
vt -0.1231213 0.1113003
vt -0.1585505 0.1647486
vt -0.1581669 0.1654237
vt -0.1584908 0.1656377
vt -0.1589002 0.1649174
vt -0.1583781 0.1798614
vt -0.1579278 0.1805568
vt -0.1582095 0.1808239
vt -0.1587371 0.1800092
vt -0.1258843 0.143723
vt -0.1254144 0.1445722
vt -0.1256963 0.1448391
vt -0.1262602 0.14382
vt -0.06798872 0.06200319
vt -0.06711797 0.06277668
vt -0.06729506 0.06312217
vt -0.06831093 0.06221976
vt 0.02861979 -0.02278159
vt 0.02915208 -0.02153139
vt 0.02882874 -0.0213165
vt 0.02824079 -0.02269745
vt 0.1433088 0.04196869
vt 0.1427932 0.04337823
vt 0.1424205 0.04326958
vt 0.142954 0.04181119
vt 0.1609553 0.1552083
vt 0.1598292 0.1562776
vt 0.1595813 0.1559788
vt 0.1606697 0.1549453
vt 0.1433452 0.194608
vt 0.1421016 0.1954483
vt 0.1419468 0.1950922
vt 0.1430726 0.1943315
vt 0.1152166 0.1571263
vt 0.114082 0.157874
vt 0.1139562 0.1575067
vt 0.1149287 0.1568658
vt 0.06825501 0.06230296
vt 0.06738427 0.06307645
vt 0.06720719 0.06273096
vt 0.06793281 0.06208638
vt -0.02829937 -0.02243416
vt -0.02867957 -0.02154115
vt -0.02900291 -0.02175604
vt -0.02867837 -0.0225183
vt -0.1428067 0.04214307
vt -0.1425221 0.04292111
vt -0.1428948 0.04302977
vt -0.1431616 0.04230057
vt -0.1604238 0.1552124
vt -0.1598607 0.155747
vt -0.1601086 0.1560458
vt -0.1607094 0.1554753
vt -0.1428806 0.1945209
vt -0.1421941 0.1949847
vt -0.1423489 0.1953407
vt -0.1431531 0.1947973
vt -0.1148614 0.1569401
vt -0.114051 0.1574742
vt -0.1141768 0.1578415
vt -0.1151493 0.1572006
vt -0.08947743 0.05751599
vt -0.08832189 0.0576616
vt -0.08827259 0.05804669
vt -0.08962072 0.05787681
vt -0.06467886 -0.07207695
vt -0.06337014 -0.07171147
vt -0.06340436 -0.07132476
vt -0.06484996 -0.07172845
vt 0.1517546 0.087722
vt 0.1504841 0.08852111
vt 0.1502558 0.08820706
vt 0.1515703 0.08738027
vt 0.1149275 0.2017761
vt 0.1133939 0.2020202
vt 0.1133587 0.2016335
vt 0.1148409 0.2013976
vt 0.1049973 0.2148606
vt 0.1035048 0.2150188
vt 0.1035352 0.2146318
vt 0.1048864 0.2144885
vt 0.09815135 0.162469
vt 0.09679915 0.1626028
vt 0.09685873 0.1622192
vt 0.09801777 0.1621045
vt 0.08952756 0.05791377
vt 0.08837201 0.05805939
vt 0.08842131 0.0576743
vt 0.08938427 0.05755296
vt 0.06460781 -0.07160972
vt 0.063673 -0.07134867
vt 0.06363878 -0.07173539
vt 0.06443671 -0.07195822
vt -0.1512507 0.08755265
vt -0.1505494 0.08799375
vt -0.1507777 0.08830779
vt -0.1514349 0.08789439
vt -0.114487 0.2014786
vt -0.1137202 0.2016006
vt -0.1137554 0.2019873
vt -0.1145736 0.201857
vt -0.1046279 0.2145656
vt -0.1038041 0.2146529
vt -0.1037737 0.21504
vt -0.1047388 0.2149376
vt -0.09792364 0.1621389
vt -0.09695778 0.1622345
vt -0.0968982 0.1626181
vt -0.09805723 0.1625035
vt -0.110206 0.07355363
vt -0.1091766 0.07300877
vt -0.108915 0.0732956
vt -0.1101159 0.07393126
vt -0.1539092 0.04572008
vt -0.1530597 0.04465961
vt -0.1527174 0.04484279
vt -0.1536558 0.04601416
vt -0.09767576 0.1911571
vt -0.09830996 0.1897968
vt -0.09796987 0.1896095
vt -0.09731369 0.191017
vt 0.004092232 0.242183
vt 0.002776091 0.2413588
vt 0.003003723 0.2410443
vt 0.00427578 0.2418409
vt 0.04836351 0.2222359
vt 0.04698392 0.2216448
vt 0.04719954 0.221322
vt 0.04844852 0.2218571
vt 0.07828707 0.1576504
vt 0.07702837 0.1571385
vt 0.07725988 0.1568268
vt 0.07833876 0.1572656
vt 0.1100184 0.073908
vt 0.108989 0.07336314
vt 0.1092507 0.07307631
vt 0.1101085 0.07353036
vt 0.1534515 0.0458381
vt 0.1528447 0.04508061
vt 0.153187 0.04489744
vt 0.153705 0.04554402
vt 0.09744467 0.1906785
vt 0.09779473 0.1899276
vt 0.09813482 0.1901148
vt 0.09780674 0.1908186
vt -0.003955862 0.2416693
vt -0.0032978 0.2412572
vt -0.003070168 0.2415717
vt -0.003772315 0.2420114
vt -0.04818533 0.2217981
vt -0.04742382 0.2214718
vt -0.0472082 0.2217946
vt -0.04810032 0.2221769
vt -0.07823943 0.1572522
vt -0.07734038 0.1568865
vt -0.07710885 0.1571982
vt -0.07818774 0.157637
vt -0.1225282 0.09973666
vt -0.1219593 0.09872036
vt -0.1215839 0.09881927
vt -0.1222475 0.100005
vt -0.1599693 0.1285159
vt -0.1598044 0.1271672
vt -0.159417 0.127143
vt -0.1595991 0.1286328
vt -0.1315625 0.1990791
vt -0.1320388 0.1976558
vt -0.1316797 0.1975082
vt -0.1311869 0.1989809
vt -0.06677374 0.226261
vt -0.06766426 0.2249888
vt -0.067332 0.224788
vt -0.06647132 0.2260176
vt -0.001916129 0.1986401
vt -0.002914508 0.1975194
vt -0.002582266 0.1973186
vt -0.001678409 0.1983332
vt 0.06060924 0.1412189
vt 0.05973199 0.1401812
vt 0.06008171 0.1400127
vt 0.06083364 0.1409021
vt 0.1221783 0.09993248
vt 0.1216094 0.09891618
vt 0.1219848 0.09881727
vt 0.1224589 0.09966418
vt 0.1595179 0.1283756
vt 0.1594002 0.1274122
vt 0.1597876 0.1274364
vt 0.1598881 0.1282588
vt 0.1312788 0.1986297
vt 0.1315417 0.197844
vt 0.1319008 0.1979916
vt 0.1316544 0.1987279
vt 0.06669895 0.2257348
vt 0.06714422 0.2250987
vt 0.06747646 0.2252995
vt 0.06700138 0.2259782
vt 0.001891684 0.1981681
vt 0.002442769 0.1975494
vt 0.002775024 0.1977503
vt 0.00212941 0.198475
vt -0.06075189 0.1408441
vt -0.06012528 0.1401029
vt -0.05977556 0.1402715
vt -0.06052748 0.1411609
vt -0.1258926 0.1244091
vt -0.1259079 0.1232445
vt -0.1255334 0.1231425
vt -0.1255155 0.1245012
vt -0.1594632 0.1642436
vt -0.1597779 0.1629217
vt -0.1594231 0.1627642
vt -0.1590754 0.1642243
vt -0.1466298 0.1898022
vt -0.1471796 0.1884056
vt -0.1468287 0.1882395
vt -0.1462599 0.1896845
vt -0.1017538 0.1801617
vt -0.1023876 0.178744
vt -0.1020234 0.1786096
vt -0.1014108 0.1799798
vt -0.03365673 0.1447802
vt -0.03419783 0.1433803
vt -0.03381621 0.1433089
vt -0.03332634 0.1445763
vt 0.05013924 0.1147706
vt 0.04984858 0.1134433
vt 0.05023653 0.1134577
vt 0.05048568 0.1145954
vt 0.1254917 0.1244039
vt 0.125507 0.1232393
vt 0.1258816 0.1233413
vt 0.1258688 0.1243118
vt 0.1590888 0.1639549
vt 0.1593136 0.1630107
vt 0.1596685 0.1631683
vt 0.1594766 0.1639742
vt 0.1463699 0.1893385
vt 0.1466734 0.1885676
vt 0.1470243 0.1887337
vt 0.1467399 0.1894562
vt 0.1015808 0.1796591
vt 0.1018977 0.1789502
vt 0.102262 0.1790846
vt 0.1019238 0.1798409
vt 0.03346805 0.1443469
vt 0.03376673 0.1435741
vt 0.03414835 0.1436454
vt 0.03379845 0.1445507
vt -0.05044048 0.1145059
vt -0.05023286 0.1135578
vt -0.0498449 0.1135434
vt -0.05009405 0.1146812
vt -0.1220314 0.1428113
vt -0.1225953 0.1417922
vt -0.1223134 0.1415252
vt -0.1216555 0.1427142
vt -0.1555692 0.1793453
vt -0.1563078 0.1782048
vt -0.1560261 0.1779377
vt -0.1552102 0.1791975
vt -0.1573778 0.1653919
vt -0.1581193 0.164087
vt -0.1577954 0.163873
vt -0.1570282 0.1652232
vt -0.1237696 0.1127572
vt -0.1242775 0.1112898
vt -0.123903 0.1111876
vt -0.123412 0.112606
vt -0.04657298 0.06755497
vt -0.04662061 0.06605483
vt -0.04623687 0.06611373
vt -0.04619376 0.06747184
vt 0.05073367 0.08415632
vt 0.05112515 0.08285513
vt 0.05145714 0.08305637
vt 0.0511216 0.08417167
vt 0.1216806 0.1426171
vt 0.1222445 0.1415981
vt 0.1225264 0.141865
vt 0.1220565 0.1427142
vt 0.155313 0.1789481
vt 0.1558405 0.1781334
vt 0.1561223 0.1784005
vt 0.155672 0.1790959
vt 0.157186 0.1648962
vt 0.1575953 0.1641759
vt 0.1579192 0.1643899
vt 0.1575356 0.165065
vt 0.1235535 0.1122716
vt 0.1238075 0.1115379
vt 0.124182 0.11164
vt 0.123911 0.1124229
vt 0.04625154 0.06720836
vt 0.04627783 0.06638031
vt 0.04666157 0.0663214
vt 0.04663077 0.06729148
vt -0.05112562 0.08407154
vt -0.05140523 0.08314212
vt -0.05107323 0.08294089
vt -0.05073769 0.08405619
vt -0.1118721 0.1543441
vt -0.1128446 0.1537032
vt -0.1127189 0.1533359
vt -0.1115842 0.1540836
vt -0.1404974 0.1929472
vt -0.1416233 0.1921865
vt -0.1414685 0.1918304
vt -0.1402248 0.1926707
vt -0.1591148 0.1554876
vt -0.1602032 0.1544541
vt -0.1599554 0.1541553
vt -0.1588292 0.1552246
vt -0.1437843 0.04376853
vt -0.1443178 0.04231014
vt -0.1439451 0.04220148
vt -0.1434295 0.04361103
vt -0.03191298 -0.02262968
vt -0.03132502 -0.02401063
vt -0.03100168 -0.02379574
vt -0.03153398 -0.02254554
vt 0.0642804 0.05972847
vt 0.06529627 0.05882607
vt 0.06547336 0.05917156
vt 0.0646026 0.05994505
vt 0.1116515 0.1540093
vt 0.112624 0.1533684
vt 0.1127498 0.1537357
vt 0.1119394 0.1542697
vt 0.1404169 0.1924814
vt 0.1412211 0.191938
vt 0.1413759 0.192294
vt 0.1406895 0.1927579
vt 0.1590752 0.1549575
vt 0.1596759 0.154387
vt 0.1599238 0.1546858
vt 0.1593607 0.1552205
vt 0.1435767 0.04327916
vt 0.1438435 0.04254996
vt 0.1442162 0.04265862
vt 0.1439316 0.04343667
vt 0.03147558 -0.02280884
vt 0.03115104 -0.0235711
vt 0.03147438 -0.02378599
vt 0.03185458 -0.02289299
vt -0.06465855 0.05986191
vt -0.06538418 0.05921733
vt -0.0652071 0.05887184
vt -0.06433635 0.05964533
vt -0.09648591 0.15845
vt -0.09764493 0.1583353
vt -0.09770451 0.1579517
vt -0.09635232 0.1580855
vt -0.1032622 0.2120575
vt -0.1046134 0.2119142
vt -0.1046438 0.2115271
vt -0.1031513 0.2116854
vt -0.1132522 0.2009645
vt -0.1147344 0.2007286
vt -0.1146992 0.200342
vt -0.1131656 0.2005861
vt -0.151029 0.08943628
vt -0.1523435 0.08860949
vt -0.1521152 0.08829544
vt -0.1508447 0.08909455
vt 0.06250276 -0.07455336
vt 0.06394835 -0.07495705
vt 0.06398258 -0.07457034
vt 0.06267385 -0.07420486
vt 0.08770507 0.05354297
vt 0.08905321 0.05337309
vt 0.08900391 0.05375817
vt 0.08784837 0.05390378
vt 0.09644644 0.158051
vt 0.09760546 0.1579363
vt 0.09754588 0.15832
vt 0.09658002 0.1584155
vt 0.1034098 0.2116084
vt 0.1043749 0.211506
vt 0.1043445 0.211893
vt 0.1035207 0.2119804
vt 0.1135195 0.2005051
vt 0.1143376 0.2003749
vt 0.1143729 0.2007615
vt 0.1136061 0.2008836
vt 0.1511643 0.08892234
vt 0.1518215 0.08850894
vt 0.1520498 0.08882299
vt 0.1513485 0.08926408
vt -0.06291594 -0.07432378
vt -0.06371387 -0.07454661
vt -0.06367965 -0.07493333
vt -0.06274484 -0.07467227
vt -0.08794153 0.05386684
vt -0.08890449 0.0537455
vt -0.08895379 0.05336041
vt -0.08779824 0.05350602
vt -0.07868673 0.1533183
vt -0.07976561 0.1537571
vt -0.07999712 0.1534455
vt -0.07873843 0.1529336
vt -0.04821912 0.2189424
vt -0.0494681 0.2194776
vt -0.04968373 0.2191547
vt -0.04830413 0.2185636
vt -0.003363298 0.2404701
vt -0.004635356 0.2412668
vt -0.004862984 0.2409523
vt -0.003546845 0.2401281
vt 0.09928601 0.1902231
vt 0.09862983 0.1916306
vt 0.09828974 0.1914434
vt 0.09892394 0.190083
vt 0.1553335 0.04274692
vt 0.1562719 0.04391829
vt 0.1559297 0.04410147
vt 0.1550801 0.04304099
vt 0.1110385 0.0692836
vt 0.1122395 0.06991927
vt 0.1119779 0.07020609
vt 0.1109485 0.06966124
vt 0.07883777 0.1529469
vt 0.07991665 0.1533857
vt 0.07968514 0.1536973
vt 0.07878607 0.1533317
vt 0.04856728 0.2186227
vt 0.04945941 0.219005
vt 0.04924378 0.2193278
vt 0.04848227 0.2190015
vt 0.003866757 0.2402997
vt 0.004568904 0.2407394
vt 0.004341272 0.2410539
vt 0.003683209 0.2406418
vt -0.09879287 0.1904216
vt -0.09846479 0.1911254
vt -0.09880488 0.1913126
vt -0.09915494 0.1905617
vt -0.1552844 0.04321712
vt -0.1558024 0.0438637
vt -0.1561447 0.04368053
vt -0.1555379 0.04292304
vt -0.111046 0.06968454
vt -0.1119038 0.07013859
vt -0.1121654 0.06985176
vt -0.111136 0.0693069
vt -0.06297414 0.1375674
vt -0.06372607 0.1384568
vt -0.06407579 0.1382882
vt -0.06319854 0.1372506
vt 0.0006492695 0.1955966
vt -0.0002545871 0.1966112
vt -0.0005868298 0.1964103
vt 0.0004115478 0.1952896
vt 0.06677704 0.2243995
vt 0.06591635 0.2256291
vt 0.06558409 0.2254283
vt 0.06647462 0.2241561
vt 0.1330568 0.197969
vt 0.132564 0.1994417
vt 0.1322049 0.1992941
vt 0.1326812 0.1978708
vt 0.1627444 0.1267363
vt 0.1629265 0.1282261
vt 0.162539 0.1282019
vt 0.1623741 0.1268531
vt 0.1255449 0.09660208
vt 0.1262086 0.09778777
vt 0.1258332 0.09788667
vt 0.1252643 0.09687038
vt 0.06328034 0.1373085
vt 0.06403226 0.1381979
vt 0.06368254 0.1383665
vt 0.06305593 0.1376253
vt -0.0001983681 0.1954548
vt 0.0004472457 0.1961795
vt 0.000114997 0.1963804
vt -0.0004360937 0.1957618
vt -0.06624696 0.2244389
vt -0.06577188 0.2251176
vt -0.06610413 0.2253184
vt -0.06654939 0.2246823
vt -0.1325894 0.198222
vt -0.132343 0.1989583
vt -0.1327021 0.1991059
vt -0.1329649 0.1983202
vt -0.1624553 0.1271103
vt -0.1625558 0.1279327
vt -0.1629433 0.1279569
vt -0.1628255 0.1269935
vt -0.1253335 0.09694284
vt -0.1258076 0.09778975
vt -0.126183 0.09769084
vt -0.1256141 0.09667455
vt -0.05393639 0.1126475
vt -0.05418553 0.1137852
vt -0.05457349 0.1137996
vt -0.05428283 0.1124722
vt 0.03140154 0.1423756
vt 0.03091167 0.1436431
vt 0.03053005 0.1435717
vt 0.03107115 0.1421718
vt 0.101405 0.1783331
vt 0.1007924 0.1797033
vt 0.1004282 0.1795689
vt 0.101062 0.1781513
vt 0.1481799 0.1887713
vt 0.1476111 0.1902163
vt 0.1472602 0.1900503
vt 0.1478099 0.1886536
vt 0.1626841 0.1635407
vt 0.1623364 0.1650008
vt 0.1619816 0.1648432
vt 0.1622963 0.1635214
vt 0.1300723 0.1232022
vt 0.1300544 0.124561
vt 0.1296798 0.124459
vt 0.1296951 0.1232944
vt 0.05432807 0.1125617
vt 0.05457721 0.1136994
vt 0.05418925 0.113685
vt 0.05398164 0.1127369
vt -0.03092957 0.1424013
vt -0.03057966 0.1433066
vt -0.03096129 0.1433779
vt -0.03125996 0.1426052
vt -0.1008919 0.178472
vt -0.1005538 0.1792283
vt -0.100918 0.1793627
vt -0.101235 0.1786539
vt -0.1476999 0.1889996
vt -0.1474155 0.1897221
vt -0.1477664 0.1898882
vt -0.1480698 0.1891173
vt -0.1622829 0.1637908
vt -0.162091 0.1645967
vt -0.1624458 0.1647542
vt -0.1626706 0.1638101
vt -0.1297189 0.1233917
vt -0.1297061 0.1243622
vt -0.1300807 0.1244642
vt -0.130096 0.1232996
vt -0.06093706 0.08051912
vt -0.06034153 0.08152004
vt -0.06061495 0.08179566
vt -0.06130973 0.08062792
vt 0.03859916 0.03189233
vt 0.03882818 0.0332317
vt 0.03846395 0.03336606
vt 0.03821098 0.03188663
vt 0.130532 0.07665943
vt 0.1301199 0.07810266
vt 0.1297403 0.0780213
vt 0.1301667 0.07652807
vt 0.1638573 0.154061
vt 0.1629991 0.1553553
vt 0.1626906 0.1551195
vt 0.1635201 0.1538686
vt 0.1563688 0.1872891
vt 0.15538 0.1884182
vt 0.1551397 0.1881133
vt 0.1560349 0.1870911
vt 0.1237571 0.1560165
vt 0.1228729 0.1570483
vt 0.1226506 0.15673
vt 0.1234085 0.1558456
vt 0.06128164 0.08072416
vt 0.06068612 0.08172508
vt 0.06041269 0.08144946
vt 0.06090897 0.08061536
vt -0.03820705 0.0321563
vt -0.03837064 0.03311298
vt -0.03873487 0.03297862
vt -0.03859523 0.032162
vt -0.1300438 0.07686965
vt -0.1298163 0.07766628
vt -0.1301959 0.07774763
vt -0.1304092 0.07700102
vt -0.1633402 0.154184
vt -0.1629111 0.1548311
vt -0.1632195 0.1550668
vt -0.1636774 0.1543763
vt -0.1558973 0.1873231
vt -0.1553515 0.1879463
vt -0.1555918 0.1882513
vt -0.1562313 0.1875211
vt -0.1233643 0.1559356
vt -0.1227328 0.1566726
vt -0.1229551 0.1569909
vt -0.1237129 0.1561065
vt -0.07830675 0.06491238
vt -0.07726485 0.06543289
vt -0.07734601 0.06581254
vt -0.07856157 0.06520528
vt -0.0034438 -0.05263519
vt -0.002525981 -0.05163322
vt -0.00275943 -0.05132302
vt -0.003773229 -0.05242978
vt 0.151769 0.01348004
vt 0.1512367 0.01488342
vt 0.1508653 0.01477039
vt 0.151416 0.01331838
vt 0.154323 0.1642616
vt 0.1530158 0.1650999
vt 0.1528286 0.1647598
vt 0.154092 0.1639496
vt 0.1319626 0.2054593
vt 0.130581 0.2060457
vt 0.1304973 0.2056665
vt 0.1317481 0.2051357
vt 0.1097876 0.1663464
vt 0.1085235 0.1668447
vt 0.1084759 0.1664594
vt 0.1095595 0.1660323
vt 0.07848595 0.06527106
vt 0.07744405 0.06579158
vt 0.07736288 0.06541193
vt 0.07823113 0.06497817
vt 0.003630399 -0.05220097
vt 0.002974825 -0.05148527
vt 0.002741376 -0.05179546
vt 0.003300972 -0.05240638
vt -0.1512648 0.01364851
vt -0.1509711 0.01442315
vt -0.1513425 0.01453619
vt -0.1516178 0.01381018
vt -0.1538002 0.1641656
vt -0.1531466 0.1645847
vt -0.1533338 0.1649248
vt -0.1540312 0.1644776
vt -0.1315233 0.2052848
vt -0.1307606 0.2056084
vt -0.1308444 0.2059875
vt -0.1317378 0.2056083
vt -0.1094784 0.1660911
vt -0.1085754 0.166447
vt -0.108623 0.1668324
vt -0.1097065 0.1664052
vt -0.1004639 0.06946565
vt -0.09931093 0.06930085
vt -0.09916166 0.06965925
vt -0.1005068 0.0698515
vt -0.1221897 -0.02697577
vt -0.1208876 -0.02736422
vt -0.1207104 -0.02701879
vt -0.1221486 -0.02658972
vt -0.02712126 0.1892067
vt -0.02821734 0.1881814
vt -0.02797171 0.1878807
vt -0.02683765 0.1889416
vt 0.06717818 0.2285421
vt 0.0656537 0.2282464
vt 0.065753 0.2278711
vt 0.06722642 0.228157
vt 0.08211145 0.2248803
vt 0.08062221 0.2246936
vt 0.08074019 0.2243237
vt 0.08208844 0.2244928
vt 0.09082481 0.1679538
vt 0.08947486 0.1677989
vt 0.08961414 0.1674365
vt 0.09077124 0.1675693
vt 0.1004072 0.06986254
vt 0.09925421 0.06969775
vt 0.09940346 0.06933936
vt 0.1003643 0.06947669
vt 0.1218805 -0.02661825
vt 0.1209504 -0.02689573
vt 0.1211276 -0.02724116
vt 0.1219215 -0.02700431
vt 0.02708564 0.1886764
vt 0.02769066 0.1881104
vt 0.02793628 0.1884111
vt 0.02736926 0.1889415
vt -0.0668662 0.2281118
vt -0.06610396 0.227964
vt -0.06600465 0.2283393
vt -0.06681795 0.228497
vt -0.08181918 0.2245088
vt -0.08099715 0.2244057
vt -0.08087917 0.2247756
vt -0.0818422 0.2248963
vt -0.09067196 0.1675831
vt -0.08970772 0.1674725
vt -0.08956844 0.1678348
vt -0.09072553 0.1679676
vt -0.1178749 0.09090187
vt -0.1170112 0.09012046
vt -0.1166871 0.09033408
vt -0.1176947 0.09124573
vt -0.1602415 0.09028826
vt -0.1596794 0.08905119
vt -0.1593025 0.08914441
vt -0.1599234 0.09051084
vt -0.1244252 0.1919348
vt -0.1248525 0.1904961
vt -0.1244886 0.1903608
vt -0.1240465 0.1918495
vt -0.03701635 0.2418217
vt -0.03809307 0.2407026
vt -0.03779591 0.2404528
vt -0.03675526 0.2415344
vt 0.02413794 0.2208361
vt 0.02291959 0.2199595
vt 0.02320016 0.2196912
vt 0.02430316 0.2204848
vt 0.07113872 0.1585521
vt 0.07001942 0.1577817
vt 0.07031249 0.1575271
vt 0.0712719 0.1581874
vt 0.1176059 0.09119918
vt 0.1167423 0.09041777
vt 0.1170664 0.09020414
vt 0.1177861 0.09085532
vt 0.1597688 0.09028988
vt 0.1593673 0.08940627
vt 0.1597441 0.08931305
vt 0.1600869 0.09006729
vt 0.1241263 0.1914953
vt 0.1243621 0.1907012
vt 0.1247261 0.1908364
vt 0.124505 0.1915807
vt 0.03702395 0.2412902
vt 0.03756232 0.2407307
vt 0.03785948 0.2409805
vt 0.03728505 0.2415775
vt -0.02405906 0.22037
vt -0.02338655 0.2198861
vt -0.02310598 0.2201545
vt -0.02389385 0.2207213
vt -0.07117777 0.1581529
vt -0.07037826 0.1576027
vt -0.07008519 0.1578573
vt -0.0710446 0.1585176
vt -0.1261954 0.1169328
vt -0.1258653 0.1158158
vt -0.1254773 0.1158293
vt -0.1258624 0.1171324
vt -0.1618674 0.1497549
vt -0.161882 0.1483961
vt -0.1615012 0.148321
vt -0.161485 0.1498218
vt -0.1420786 0.1981748
vt -0.1425167 0.1967393
vt -0.1421539 0.1966014
vt -0.1417006 0.1980866
vt -0.08685614 0.2117752
vt -0.08757041 0.2103963
vt -0.08721448 0.2102412
vt -0.08652415 0.211574
vt -0.01822869 0.1836911
vt -0.01900164 0.1824046
vt -0.01863789 0.1822689
vt -0.01793811 0.1834337
vt 0.05610093 0.1376761
vt 0.05547137 0.1364719
vt 0.05584946 0.1363837
vt 0.05638908 0.1374159
vt 0.1258109 0.1170464
vt 0.1254808 0.1159295
vt 0.1258688 0.115916
vt 0.1261439 0.1168468
vt 0.1614385 0.1495562
vt 0.1614489 0.1485856
vt 0.1618298 0.1486608
vt 0.1618209 0.1494893
vt 0.141783 0.1977331
vt 0.1420248 0.1969407
vt 0.1423878 0.1970787
vt 0.1421611 0.1978213
vt 0.08671237 0.2112635
vt 0.08706949 0.210574
vt 0.0874254 0.2107291
vt 0.08704436 0.2114647
vt 0.01811703 0.1832318
vt 0.01854369 0.1825216
vt 0.01890745 0.1826573
vt 0.01840761 0.1834893
vt -0.05632195 0.1373414
vt -0.05587227 0.1364813
vt -0.05549419 0.1365695
vt -0.0560338 0.1376016
vt -0.126385 0.1388591
vt -0.1266391 0.1377225
vt -0.1262935 0.1375457
vt -0.125997 0.1388718
vt -0.1604754 0.1743281
vt -0.1609456 0.1730533
vt -0.1606121 0.1728545
vt -0.1600928 0.1742627
vt -0.1536943 0.1803238
vt -0.1542665 0.1789363
vt -0.1539183 0.1787646
vt -0.1533263 0.1802002
vt -0.1127395 0.1541621
vt -0.1132538 0.1526968
vt -0.1128797 0.1525931
vt -0.1123827 0.1540093
vt -0.04058219 0.11826
vt -0.04087422 0.1167878
vt -0.04048602 0.1167833
vt -0.04022164 0.1181161
vt 0.05029799 0.1086861
vt 0.05031539 0.1073274
vt 0.05069002 0.1074293
vt 0.0506751 0.1085939
vt 0.1259937 0.1387716
vt 0.1262478 0.137635
vt 0.1265935 0.1378117
vt 0.1263817 0.1387589
vt 0.1601382 0.1739969
vt 0.1604741 0.1730863
vt 0.1608076 0.173285
vt 0.1605209 0.1740623
vt 0.1534419 0.179856
vt 0.1537578 0.1790901
vt 0.1541059 0.1792619
vt 0.1538099 0.1799797
vt 0.1125255 0.1536755
vt 0.1127826 0.1529429
vt 0.1131568 0.1530466
vt 0.1128824 0.1538284
vt 0.04032173 0.1178656
vt 0.04048293 0.117053
vt 0.04087112 0.1170576
vt 0.04068229 0.1180096
vt -0.05065133 0.1084965
vt -0.05066376 0.107526
vt -0.05028914 0.1074242
vt -0.05027422 0.1085888
vt -0.1197746 0.1542655
vt -0.1205324 0.1533811
vt -0.1203102 0.1530628
vt -0.119426 0.1540946
vt -0.1531921 0.1864077
vt -0.1540874 0.1853855
vt -0.1538471 0.1850806
vt -0.1528582 0.1862097
vt -0.162126 0.1547451
vt -0.1629555 0.1534942
vt -0.162647 0.1532585
vt -0.1617888 0.1545527
vt -0.1311366 0.07842002
vt -0.131563 0.07692679
vt -0.1311834 0.07684544
vt -0.1307713 0.07828865
vt -0.04176804 0.03280105
vt -0.04151506 0.03132162
vt -0.04115083 0.03145598
vt -0.04137985 0.03279535
vt 0.05671389 0.07947461
vt 0.05740867 0.07830686
vt 0.05768209 0.07858248
vt 0.05708656 0.07958339
vt 0.1194701 0.1540046
vt 0.120228 0.1531202
vt 0.1204503 0.1534385
vt 0.1198187 0.1541755
vt 0.1529958 0.1859777
vt 0.1536353 0.1852476
vt 0.1538756 0.1855525
vt 0.1533297 0.1861757
vt 0.1619687 0.1542374
vt 0.1624266 0.1535469
vt 0.162735 0.1537826
vt 0.1623059 0.1544297
vt 0.1308941 0.07794704
vt 0.1311073 0.07720043
vt 0.1314869 0.07728178
vt 0.1312595 0.0780784
vt 0.04138385 0.03252564
vt 0.04124421 0.03170902
vt 0.04160844 0.03157466
vt 0.04177203 0.03253134
vt -0.05711472 0.07948723
vt -0.057611 0.07865313
vt -0.05733757 0.07837752
vt -0.05674205 0.07937843
vt -0.107087 0.1629357
vt -0.1081706 0.1625086
vt -0.108123 0.1621233
vt -0.1068589 0.1626215
vt -0.1294859 0.2032835
vt -0.1307367 0.2027526
vt -0.130653 0.2023735
vt -0.1292714 0.2029599
vt -0.1524629 0.1641896
vt -0.1537263 0.1633794
vt -0.1535391 0.1630393
vt -0.1522319 0.1638775
vt -0.1522232 0.01528537
vt -0.1527738 0.01383337
vt -0.1524024 0.01372033
vt -0.1518702 0.01512371
vt 0.0002875837 -0.0535873
vt 0.001301382 -0.05469406
vt 0.001534831 -0.05438387
vt 0.0006170126 -0.0533819
vt 0.07531736 0.06175175
vt 0.07653292 0.06114449
vt 0.07661408 0.06152414
vt 0.07557218 0.06204465
vt 0.10694 0.1625626
vt 0.1080235 0.1621355
vt 0.1080711 0.1625208
vt 0.1071681 0.1628768
vt 0.1294962 0.2028109
vt 0.1303897 0.2024317
vt 0.1304734 0.2028108
vt 0.1297107 0.2031344
vt 0.1525237 0.1636615
vt 0.1532211 0.1632143
vt 0.1534083 0.1635544
vt 0.1527547 0.1639736
vt 0.1520214 0.01479357
vt 0.1522967 0.01406756
vt 0.1526681 0.0141806
vt 0.1523743 0.01495523
vt -0.000759667 -0.05361078
vt -0.001319263 -0.0542217
vt -0.001085814 -0.05453189
vt -0.0004302402 -0.05381619
vt -0.07564783 0.06197892
vt -0.07651608 0.06154515
vt -0.07643492 0.0611655
vt -0.07539301 0.06168602
vt -0.09004591 0.1636737
vt -0.091203 0.1638065
vt -0.09134229 0.1634441
vt -0.08999233 0.1632892
vt -0.08106224 0.2217551
vt -0.0824105 0.2219241
vt -0.08252848 0.2215542
vt -0.08103923 0.2213675
vt -0.06588205 0.227206
vt -0.06735548 0.2274919
vt -0.06745478 0.2271166
vt -0.06593029 0.2268208
vt 0.02896375 0.1889412
vt 0.02782969 0.1900021
vt 0.02758406 0.1897015
vt 0.02868014 0.1886761
vt 0.1216687 -0.03023101
vt 0.1231069 -0.02980194
vt 0.1229298 -0.02945651
vt 0.1216277 -0.02984495
vt 0.09980392 0.06516556
vt 0.101149 0.06535782
vt 0.1009998 0.06571621
vt 0.09984681 0.06555142
vt 0.09009162 0.1632753
vt 0.09124871 0.1634081
vt 0.09110944 0.1637705
vt 0.09014519 0.1636599
vt 0.08130847 0.2213515
vt 0.0822715 0.2214723
vt 0.08215351 0.2218422
vt 0.08133148 0.2217391
vt 0.06629046 0.2268659
vt 0.06710377 0.2270237
vt 0.06700446 0.227399
vt 0.06624223 0.2272512
vt -0.02843222 0.1889413
vt -0.0278652 0.1894718
vt -0.02811082 0.1897724
vt -0.02871584 0.1892065
vt -0.1218959 -0.02981649
vt -0.1226898 -0.02957964
vt -0.122867 -0.02992507
vt -0.1219369 -0.03020254
vt -0.09994644 0.0655404
vt -0.1009072 0.06567772
vt -0.1010565 0.06531934
vt -0.09990354 0.06515455
vt -0.07245986 0.1544071
vt -0.07341927 0.1550674
vt -0.07371233 0.1548128
vt -0.07259303 0.1540424
vt -0.02471202 0.2175898
vt -0.02581502 0.2183833
vt -0.0260956 0.218115
vt -0.02487725 0.2172384
vt 0.03730774 0.2399831
vt 0.03626709 0.2410646
vt 0.03596994 0.2408148
vt 0.03704666 0.2396958
vt 0.1258807 0.1907743
vt 0.1254385 0.1922629
vt 0.1250746 0.1921277
vt 0.1255019 0.1906889
vt 0.1623543 0.08775757
vt 0.1629752 0.08912399
vt 0.1625984 0.08921721
vt 0.1620362 0.08798014
vt 0.1197326 0.08696803
vt 0.1207402 0.08787969
vt 0.1204161 0.08809331
vt 0.1195524 0.08731191
vt 0.07268719 0.1540768
vt 0.07364659 0.1547371
vt 0.07335352 0.1549917
vt 0.07255401 0.1544415
vt 0.02512128 0.2173533
vt 0.02590914 0.2179201
vt 0.02562856 0.2181884
vt 0.02495605 0.2177046
vt -0.03677797 0.2399399
vt -0.03620354 0.2405369
vt -0.03650069 0.2407868
vt -0.03703906 0.2402273
vt -0.1254221 0.1910431
vt -0.125201 0.1917874
vt -0.1255649 0.1919226
vt -0.1258008 0.1911285
vt -0.1621909 0.08820117
vt -0.1625336 0.08895542
vt -0.1629105 0.0888622
vt -0.1625089 0.08797859
vt -0.1196412 0.08735846
vt -0.1203609 0.08800964
vt -0.120685 0.08779601
vt -0.1198214 0.0870146
vt -0.05920597 0.1346289
vt -0.05974558 0.135661
vt -0.06012367 0.1355729
vt -0.05949412 0.1343687
vt 0.01641881 0.1809357
vt 0.01571903 0.1821005
vt 0.01535528 0.1819648
vt 0.01612824 0.1806782
vt 0.08661297 0.2099296
vt 0.08592264 0.2112624
vt 0.08556671 0.2111073
vt 0.08628099 0.2097284
vt 0.1435427 0.1970253
vt 0.1430894 0.1985106
vt 0.1427265 0.1983726
vt 0.1431646 0.1969371
vt 0.1648531 0.1483572
vt 0.1648369 0.149858
vt 0.164456 0.1497828
vt 0.1644707 0.1484241
vt 0.1298306 0.1145428
vt 0.1302157 0.1158459
vt 0.1298277 0.1158594
vt 0.1294976 0.1147424
vt 0.05956129 0.1344431
vt 0.06010091 0.1354753
vt 0.05972282 0.1355634
vt 0.05927314 0.1347033
vt -0.0159494 0.1808802
vt -0.01544955 0.1817121
vt -0.01581332 0.1818478
vt -0.01623997 0.1811376
vt -0.08609277 0.2100388
vt -0.08571173 0.2107745
vt -0.08606763 0.2109295
vt -0.08642476 0.2102401
vt -0.1430822 0.1972906
vt -0.1428556 0.1980332
vt -0.1432185 0.1981712
vt -0.1434603 0.1973788
vt -0.1645172 0.1486898
vt -0.1645083 0.1495182
vt -0.1648891 0.1495934
vt -0.1648996 0.1486229
vt -0.1295491 0.1148284
vt -0.1298242 0.1157592
vt -0.1302122 0.1157457
vt -0.1298821 0.1146288
vt -0.05447724 0.1074778
vt -0.05446232 0.1086424
vt -0.05483695 0.1087442
vt -0.05485435 0.1073856
vt 0.03794675 0.1162796
vt 0.03768238 0.1176124
vt 0.03729417 0.1176078
vt 0.0375862 0.1161356
vt 0.1122405 0.1523687
vt 0.1117435 0.1537849
vt 0.1113694 0.1536812
vt 0.1118836 0.1522159
vt 0.1552608 0.1793182
vt 0.1546687 0.1807538
vt 0.1543206 0.1805821
vt 0.1548928 0.1791946
vt 0.1637572 0.1740144
vt 0.1632379 0.1754226
vt 0.1629044 0.1752239
vt 0.1633745 0.173949
vt 0.1307234 0.1385362
vt 0.1304269 0.1398623
vt 0.1300813 0.1396855
vt 0.1303354 0.1385489
vt 0.05487816 0.1074829
vt 0.05486324 0.1086475
vt 0.05448862 0.1085456
vt 0.05450106 0.1075752
vt -0.03748623 0.1163861
vt -0.0372974 0.1173382
vt -0.0376856 0.1173427
vt -0.03784679 0.1165301
vt -0.1117407 0.1525496
vt -0.1114664 0.1533314
vt -0.1118405 0.1534351
vt -0.1120976 0.1527025
vt -0.1547772 0.1795387
vt -0.1544811 0.1802565
vt -0.1548293 0.1804282
vt -0.1551452 0.1796623
vt -0.1633291 0.1742149
vt -0.1630424 0.1749922
vt -0.1633759 0.1751909
vt -0.1637118 0.1742803
vt -0.1303386 0.1386491
vt -0.1301269 0.1395963
vt -0.1304725 0.139773
vt -0.1307267 0.1386364
vt -0.09184505 0.1008958
vt -0.08526019 0.09642583
vt -0.08326878 0.0981786
vt -0.09095112 0.1033935
vt -0.1033314 0.09138647
vt -0.09818856 0.08365571
vt -0.09574816 0.08469604
vt -0.1014288 0.09323529
vt -0.05011935 0.1542269
vt -0.05301451 0.1443879
vt -0.05052538 0.1434702
vt -0.0475299 0.1536502
vt 0.02088455 0.1813906
vt 0.01283211 0.1744795
vt 0.01469087 0.1725866
vt 0.02247359 0.1792663
vt 0.05391418 0.1753157
vt 0.04500996 0.1702261
vt 0.04672572 0.1682028
vt 0.05478691 0.1728105
vt 0.07377541 0.1450274
vt 0.06558158 0.1406599
vt 0.06737507 0.1387051
vt 0.07439836 0.1424487
vt 0.09030621 0.1031627
vt 0.08372135 0.09869276
vt 0.08571275 0.09694
vt 0.09120013 0.1006649
vt 0.1001444 0.09191348
vt 0.09647094 0.08639151
vt 0.09891134 0.08535118
vt 0.102047 0.09006467
vt 0.04806919 0.1512288
vt 0.04966726 0.1457978
vt 0.05215638 0.1467155
vt 0.05065865 0.1518055
vt -0.0204871 0.1777803
vt -0.01646088 0.1743248
vt -0.01460213 0.1762176
vt -0.01889805 0.1799047
vt -0.0530464 0.1722041
vt -0.04813144 0.1693948
vt -0.04641567 0.1714181
vt -0.05217367 0.1747093
vt -0.07373255 0.1422878
vt -0.06787981 0.1391682
vt -0.06608632 0.141123
vt -0.0731096 0.1448665
vt -0.09027208 0.1137237
vt -0.08705415 0.1064445
vt -0.08443667 0.1068765
vt -0.08819092 0.1153688
vt -0.09709816 0.1330094
vt -0.09626602 0.1237616
vt -0.09362492 0.1235118
vt -0.09454408 0.1337267
vt -0.06787624 0.1656325
vt -0.07059973 0.1557446
vt -0.06809503 0.1548703
vt -0.06527714 0.1651009
vt -0.02262537 0.175764
vt -0.02785048 0.166528
vt -0.02545915 0.1653793
vt -0.02040905 0.174306
vt 0.02049806 0.1594869
vt 0.01453322 0.1511436
vt 0.01693723 0.1500218
vt 0.02233733 0.1575751
vt 0.05836674 0.1309167
vt 0.05317547 0.1232183
vt 0.05567596 0.1223321
vt 0.06012561 0.1289307
vt 0.08776614 0.1148315
vt 0.08454822 0.1075524
vt 0.0871657 0.1071204
vt 0.08984731 0.1131863
vt 0.09404572 0.1319522
vt 0.09345134 0.1253467
vt 0.09609245 0.1255965
vt 0.0965998 0.1312349
vt 0.06577422 0.1626705
vt 0.06727754 0.1572125
vt 0.06978225 0.1580867
vt 0.06837331 0.163202
vt 0.02177248 0.1722335
vt 0.02438503 0.1676155
vt 0.02677635 0.1687641
vt 0.02398879 0.1736915
vt -0.02100913 0.1562972
vt -0.01771664 0.1516919
vt -0.01531263 0.1528138
vt -0.01916985 0.158209
vt -0.05961284 0.1284765
vt -0.05590479 0.1229777
vt -0.05340431 0.123864
vt -0.05785397 0.1304625
vt -0.08816167 0.1210669
vt -0.08894645 0.113147
vt -0.08645572 0.1122338
vt -0.08554014 0.1214736
vt -0.09654037 0.1424609
vt -0.09895547 0.1334953
vt -0.09656344 0.1323482
vt -0.09389576 0.1422513
vt -0.07966658 0.1491287
vt -0.08317097 0.1394898
vt -0.08074406 0.1384184
vt -0.07711824 0.1483913
vt -0.04569084 0.1370266
vt -0.04932306 0.127056
vt -0.04677518 0.126317
vt -0.04326462 0.1359536
vt 5.175442E-05 0.1170033
vt -0.002634506 0.1071052
vt 9.695586E-06 0.1068906
vt 0.002441635 0.1158516
vt 0.04948545 0.1079871
vt 0.04854431 0.09874982
vt 0.05116696 0.09914926
vt 0.05197365 0.107067
vt 0.08543514 0.1207968
vt 0.08621991 0.1128769
vt 0.08871065 0.1137901
vt 0.08805667 0.1203901
vt 0.09404137 0.140414
vt 0.09576645 0.13401
vt 0.09815849 0.1351572
vt 0.09668598 0.1406236
vt 0.07780778 0.1460083
vt 0.07974214 0.1406878
vt 0.08216905 0.1417592
vt 0.08035614 0.1467457
vt 0.044268 0.1336848
vt 0.04608412 0.1286995
vt 0.048632 0.1294386
vt 0.04669422 0.1347578
vt -0.001641505 0.1141913
vt -0.0001587345 0.1087277
vt 0.002485475 0.1089422
vt 0.0007483749 0.1153429
vt -0.05173608 0.1064245
vt -0.05106383 0.09982642
vt -0.04844119 0.09942697
vt -0.04924787 0.1073447
vt -0.08650681 0.1232105
vt -0.09093864 0.1165999
vt -0.08917441 0.1146186
vt -0.08400395 0.122331
vt -0.09830336 0.1372656
vt -0.1036874 0.1297008
vt -0.101844 0.1277929
vt -0.09589696 0.1361488
vt -0.09165683 0.1152099
vt -0.0966956 0.1062768
vt -0.09447744 0.1048216
vt -0.08926405 0.1140643
vt -0.06162696 0.0745558
vt -0.06444737 0.06432589
vt -0.06184841 0.0637937
vt -0.05912247 0.07368097
vt -0.006018442 0.05500134
vt -0.005121219 0.0447845
vt -0.002565595 0.04549631
vt -0.003377883 0.05474585
vt 0.05039924 0.08197469
vt 0.05412836 0.07347132
vt 0.05621437 0.07511033
vt 0.05301799 0.08239894
vt 0.08423103 0.1216847
vt 0.08866286 0.1150742
vt 0.09042709 0.1170554
vt 0.08673391 0.1225642
vt 0.09667283 0.134477
vt 0.1005186 0.1290736
vt 0.1023619 0.1309815
vt 0.09907921 0.1355938
vt 0.09033535 0.1118267
vt 0.09311666 0.1068958
vt 0.09533481 0.1083511
vt 0.09272812 0.1129724
vt 0.05994057 0.07133897
vt 0.06135077 0.06622402
vt 0.06394973 0.06675623
vt 0.06244507 0.07221381
vt 0.003555377 0.05291132
vt 0.003060117 0.04727181
vt 0.005615731 0.04656
vt 0.006195943 0.05316681
vt -0.05312755 0.0817228
vt -0.05579121 0.07564896
vt -0.05370518 0.07400994
vt -0.0505088 0.08129855
vt -0.08487203 0.1224575
vt -0.09188514 0.1186949
vt -0.0912552 0.1161179
vt -0.08307324 0.1205076
vt -0.09640292 0.1350609
vt -0.1044518 0.1304317
vt -0.1035724 0.1279289
vt -0.09468176 0.1330421
vt -0.1023523 0.09448381
vt -0.1101164 0.08778244
vt -0.1085214 0.08566256
vt -0.1004883 0.09259616
vt -0.07851559 0.006818929
vt -0.08150404 -0.003363153
vt -0.07891418 -0.00393807
vt -0.07602584 0.00590298
vt 0.01223961 -0.010789
vt 0.01788856 -0.01934926
vt 0.01979798 -0.01750753
vt 0.01468387 -0.009757728
vt 0.06229626 0.06237364
vt 0.06996174 0.05713398
vt 0.07086371 0.05962884
vt 0.0642933 0.06411997
vt 0.08357673 0.1200432
vt 0.09058984 0.1162806
vt 0.09121978 0.1188576
vt 0.08537553 0.1219931
vt 0.09608431 0.1318464
vt 0.1018335 0.1285398
vt 0.1027129 0.1310427
vt 0.09780547 0.1338651
vt 0.1022535 0.09085305
vt 0.1065391 0.08715402
vt 0.1081341 0.0892739
vt 0.1041175 0.0927407
vt 0.07688239 0.003574828
vt 0.07837662 -0.001516211
vt 0.08096646 -0.0009412967
vt 0.07937215 0.004490783
vt -0.01540035 -0.01145586
vt -0.01851847 -0.01618097
vt -0.01660905 -0.01802271
vt -0.01295611 -0.01248713
vt -0.06474422 0.06360437
vt -0.07021956 0.05986176
vt -0.06931759 0.0573669
vt -0.06274717 0.06185802
vt -0.08252916 0.1202364
vt -0.09048785 0.1202256
vt -0.09114757 0.117656
vt -0.08186243 0.1176687
vt -0.08192004 0.1450584
vt -0.09120516 0.1450444
vt -0.09168677 0.1424356
vt -0.08143061 0.142451
vt -0.08152586 0.131012
vt -0.091782 0.1309878
vt -0.09195347 0.1283405
vt -0.08134191 0.1283655
vt -0.08211219 0.08341333
vt -0.09272292 0.08327763
vt -0.09251137 0.08063319
vt -0.08225604 0.08076434
vt 0.08116245 -0.01596363
vt 0.09141855 -0.01599868
vt 0.09094196 -0.01338894
vt 0.08165687 -0.01335722
vt 0.08180096 0.05882649
vt 0.09108609 0.0588109
vt 0.09042718 0.06138066
vt 0.08246849 0.06139403
vt 0.08252542 0.1174966
vt 0.09048411 0.1174857
vt 0.08982439 0.1200553
vt 0.08319215 0.1200643
vt 0.08324206 0.142111
vt 0.08987429 0.142101
vt 0.0893927 0.1447099
vt 0.08373149 0.1447183
vt 0.0838167 0.1281934
vt 0.0894779 0.1281801
vt 0.08930643 0.1308274
vt 0.08400065 0.13084
vt 0.08473321 0.08089884
vt 0.09003858 0.08083098
vt 0.09025012 0.08347543
vt 0.08458937 0.08354783
vt -0.08346766 -0.01370073
vt -0.08912884 -0.01372008
vt -0.08960544 -0.01632981
vt -0.08297323 -0.01630715
vt -0.08313143 0.06122168
vt -0.08976366 0.06121054
vt -0.09042256 0.05864077
vt -0.08246389 0.05865414
vt -0.07954901 0.1158655
vt -0.0865723 0.1196091
vt -0.0883658 0.1176543
vt -0.08017196 0.1132868
vt -0.0555043 0.1528445
vt -0.06356551 0.1574522
vt -0.06528126 0.1554289
vt -0.05637705 0.1503393
vt -0.01770574 0.1690738
vt -0.02548847 0.1757535
vt -0.02734723 0.1738607
vt -0.01929479 0.1669495
vt 0.0600448 0.1462714
vt 0.05704931 0.1564514
vt 0.05456019 0.1555337
vt 0.05745535 0.1456946
vt 0.1148199 0.0720087
vt 0.1205005 0.08054794
vt 0.1180601 0.08158828
vt 0.1129173 0.07385751
vt 0.1006902 0.07251425
vt 0.1083726 0.07772917
vt 0.1063812 0.07948194
vt 0.09979632 0.075012
vt 0.08083779 0.1134477
vt 0.08786108 0.1171912
vt 0.08606757 0.119146
vt 0.08021484 0.1160264
vt 0.05811758 0.1509456
vt 0.06387556 0.1542368
vt 0.0621598 0.1562602
vt 0.05724483 0.1534508
vt 0.02128127 0.1684355
vt 0.0255772 0.1721225
vt 0.02371844 0.1740154
vt 0.01969223 0.1705598
vt -0.0569161 0.148116
vt -0.05541836 0.1532061
vt -0.05790749 0.1541237
vt -0.05950555 0.1486928
vt -0.1142017 0.07517929
vt -0.1173374 0.07989278
vt -0.1197778 0.07885246
vt -0.1161043 0.07333048
vt -0.1004412 0.0752428
vt -0.1059286 0.07896774
vt -0.10792 0.07721499
vt -0.1013352 0.07274505
vt -0.07713442 0.1078619
vt -0.08158407 0.1144605
vt -0.08408456 0.1135742
vt -0.0788933 0.1058759
vt -0.03132788 0.1397334
vt -0.03672797 0.1472867
vt -0.03913199 0.1461649
vt -0.03316715 0.1378217
vt 0.02143009 0.1630999
vt 0.01637999 0.1720266
vt 0.01398867 0.1708779
vt 0.01921377 0.1616419
vt 0.0776618 0.1575054
vt 0.07484393 0.167736
vt 0.07233921 0.1668618
vt 0.07506271 0.1569738
vt 0.1164391 0.1214589
vt 0.1173582 0.1316738
vt 0.1147171 0.131424
vt 0.113885 0.1221762
vt 0.1128069 0.09433474
vt 0.1165612 0.102827
vt 0.1139437 0.103259
vt 0.1107257 0.09597991
vt 0.07940607 0.1063301
vt 0.08385573 0.1129286
vt 0.08135524 0.1138149
vt 0.07764719 0.108316
vt 0.03449536 0.1390995
vt 0.03835258 0.1444947
vt 0.03594856 0.1456166
vt 0.03265608 0.1410113
vt -0.01785037 0.1637144
vt -0.01506281 0.1686418
vt -0.01745413 0.1697904
vt -0.02006668 0.1651724
vt -0.07456565 0.1594042
vt -0.07315671 0.1645196
vt -0.07566143 0.1653938
vt -0.07716475 0.1599358
vt -0.1143833 0.1239506
vt -0.1148907 0.1295891
vt -0.1175318 0.1298389
vt -0.1169374 0.1232334
vt -0.1111505 0.09651726
vt -0.1138321 0.1025832
vt -0.1164496 0.1021512
vt -0.1132317 0.09487209
vt -0.07691515 0.09652592
vt -0.07772185 0.1044436
vt -0.08034449 0.1048431
vt -0.07940336 0.09560575
vt -0.01708223 0.1022573
vt -0.01951417 0.1112183
vt -0.02215837 0.1110037
vt -0.01947211 0.1011056
vt 0.04242564 0.1247325
vt 0.03891508 0.1343691
vt 0.03636721 0.1336301
vt 0.03999943 0.1236595
vt 0.09006988 0.1418089
vt 0.08644405 0.1517818
vt 0.08401714 0.1507104
vt 0.08752153 0.1410715
vt 0.1186813 0.1383062
vt 0.1160136 0.1482094
vt 0.1136216 0.1470622
vt 0.1160367 0.1380966
vt 0.1173234 0.1152924
vt 0.1164078 0.1245323
vt 0.113917 0.123619
vt 0.1147018 0.1156991
vt 0.07964094 0.09624822
vt 0.08044762 0.1041659
vt 0.07782497 0.1037665
vt 0.07715274 0.09716839
vt 0.0202722 0.102766
vt 0.02200929 0.1091667
vt 0.01936509 0.1093812
vt 0.01788232 0.1039176
vt -0.03899609 0.1259283
vt -0.03705832 0.1312475
vt -0.03960619 0.1319865
vt -0.04142231 0.1270013
vt -0.08683194 0.1434545
vt -0.08501902 0.148441
vt -0.08744593 0.1495124
vt -0.08938029 0.1441919
vt -0.1158911 0.139934
vt -0.1144186 0.1454003
vt -0.1168106 0.1465475
vt -0.1185357 0.1401435
vt -0.1148068 0.116376
vt -0.1141528 0.1229759
vt -0.1166436 0.1238892
vt -0.1174283 0.1159693
vt -0.07991681 0.08550491
vt -0.07672042 0.09279352
vt -0.07880645 0.09443253
vt -0.08253555 0.08592915
vt -0.01505669 0.04704388
vt -0.0142444 0.05629342
vt -0.01680003 0.05700523
vt -0.01769725 0.04678839
vt 0.05738575 0.06256335
vt 0.05465981 0.07245062
vt 0.05206085 0.07191842
vt 0.05488124 0.06168852
vt 0.1031203 0.1096968
vt 0.09790697 0.1189394
vt 0.0956888 0.1174842
vt 0.1007276 0.1085511
vt 0.1205063 0.1410753
vt 0.1145592 0.1494312
vt 0.1127159 0.1475233
vt 0.1180999 0.1399585
vt 0.114939 0.1318916
vt 0.1097685 0.1396039
vt 0.1080043 0.1376227
vt 0.1124361 0.1310121
vt 0.082426 0.08660531
vt 0.07922962 0.09389392
vt 0.0771436 0.09225491
vt 0.07980725 0.08618107
vt 0.0178747 0.04862293
vt 0.01729451 0.05522973
vt 0.01473889 0.05451792
vt 0.01523415 0.04887842
vt -0.05406319 0.06403053
vt -0.05255853 0.06948812
vt -0.05515749 0.07002033
vt -0.05656769 0.06490536
vt -0.09965627 0.1107886
vt -0.09704958 0.1154099
vt -0.09926774 0.1168651
vt -0.1020491 0.1119342
vt -0.117324 0.1416304
vt -0.1140413 0.1462426
vt -0.1158847 0.1481505
vt -0.1197304 0.1427471
vt -0.112209 0.1316583
vt -0.1085158 0.1371671
vt -0.1102801 0.1391484
vt -0.1147119 0.1325378
vt -0.08546878 0.08099574
vt -0.07889836 0.08548687
vt -0.07980032 0.08798173
vt -0.08746582 0.08274207
vt -0.03456296 -0.007764106
vt -0.02944884 -1.429341E-05
vt -0.03135826 0.001827437
vt -0.03700722 -0.006732834
vt 0.07447239 -0.005241751
vt 0.07158404 0.004599304
vt 0.06899418 0.004024388
vt 0.07198264 -0.006157703
vt 0.1150051 0.09317438
vt 0.106972 0.100108
vt 0.105377 0.09798809
vt 0.1131411 0.09128673
vt 0.1149925 0.1477853
vt 0.1061019 0.1528986
vt 0.1052224 0.1503957
vt 0.1132713 0.1457665
vt 0.1059197 0.1434514
vt 0.09773777 0.1478411
vt 0.09710784 0.145264
vt 0.1041209 0.1415015
vt 0.08701491 0.08325769
vt 0.08044449 0.08774884
vt 0.07954253 0.08525398
vt 0.08501787 0.08151136
vt 0.03629074 -0.005034707
vt 0.03263779 0.0005008777
vt 0.03072837 -0.001340859
vt 0.03384649 -0.006065973
vt -0.07112612 -0.003829483
vt -0.06953181 0.001602601
vt -0.07212164 0.002177514
vt -0.07361587 -0.002913531
vt -0.1113759 0.09302984
vt -0.1073593 0.09649665
vt -0.1089543 0.09861653
vt -0.1132399 0.0949175
vt -0.1118688 0.1469623
vt -0.1069613 0.1497847
vt -0.1078407 0.1522876
vt -0.11359 0.1489811
vt -0.1036175 0.1419659
vt -0.09777321 0.1451014
vt -0.09840314 0.1476784
vt -0.1054163 0.1439158
vt -0.09047066 0.08726212
vt -0.08251198 0.08727549
vt -0.08185308 0.08984526
vt -0.0911382 0.08982967
vt -0.09100242 0.004301102
vt -0.08171735 0.004332822
vt -0.08124074 0.006942562
vt -0.09149684 0.006907518
vt 0.0924521 0.07600453
vt 0.08219679 0.07613567
vt 0.08198524 0.07349122
vt 0.09259595 0.07335554
vt 0.09197687 0.1382634
vt 0.08136532 0.1382885
vt 0.08153678 0.1356411
vt 0.0917929 0.1356169
vt 0.09172115 0.1653419
vt 0.08146501 0.1653573
vt 0.0819466 0.1627485
vt 0.09123172 0.1627345
vt 0.09118982 0.1486748
vt 0.0819047 0.1486875
vt 0.08256443 0.1461179
vt 0.09052311 0.1461071
vt 0.09047526 0.09000202
vt 0.0825166 0.0900154
vt 0.0831755 0.08744562
vt 0.08980773 0.08743449
vt 0.08968605 0.007251007
vt 0.08305385 0.007273654
vt 0.08353046 0.004663923
vt 0.08919163 0.004644583
vt -0.09011879 0.07322116
vt -0.08445804 0.07329355
vt -0.08466958 0.07593799
vt -0.08997494 0.07587015
vt -0.08931811 0.1357889
vt -0.08401233 0.1358015
vt -0.08384086 0.1384488
vt -0.08950206 0.1384355
vt -0.08942027 0.1630746
vt -0.08375906 0.1630831
vt -0.08327748 0.1656919
vt -0.0899097 0.1656819
vt -0.0898601 0.1462792
vt -0.08322788 0.1462882
vt -0.08256815 0.1488578
vt -0.09052683 0.148847
vt -0.1052832 0.1256321
vt -0.1094765 0.1242994
vt -0.1078243 0.11856
vt -0.1036311 0.1198927
vt -0.06120536 0.1370188
vt -0.06505485 0.1348879
vt -0.06226066 0.1296094
vt -0.05841118 0.1317403
vt -0.008300455 0.171569
vt -0.01201321 0.1692079
vt -0.008833462 0.1641523
vt -0.005120701 0.1665134
vt 0.04607878 0.1973134
vt 0.04221858 0.195202
vt 0.04513727 0.1899913
vt 0.04899747 0.1921027
vt 0.09640671 0.1910504
vt 0.09221177 0.1897231
vt 0.09414076 0.1840707
vt 0.09833571 0.185398
vt 0.1241868 0.1536759
vt 0.1197869 0.1536669
vt 0.1199711 0.1476973
vt 0.1243711 0.1477063
vt 0.1095265 0.124457
vt 0.1053332 0.1257897
vt 0.1036811 0.1200503
vt 0.1078743 0.1187176
vt 0.06523342 0.1352102
vt 0.06138394 0.1373412
vt 0.05858976 0.1320626
vt 0.06243924 0.1299317
vt 0.01226685 0.169607
vt 0.008554094 0.171968
vt 0.005374347 0.1669124
vt 0.009087099 0.1645513
vt -0.04200245 0.1955972
vt -0.04586265 0.1977086
vt -0.04878134 0.1924979
vt -0.04492114 0.1903865
vt -0.09211904 0.1900162
vt -0.09631399 0.1913435
vt -0.09824298 0.1856912
vt -0.09404804 0.1843639
vt -0.1197867 0.1537489
vt -0.1241867 0.1537579
vt -0.1243709 0.1477883
vt -0.119971 0.1477793
vt -0.0679089 0.1783657
vt -0.06413415 0.1761051
vt -0.06297069 0.1783024
vt -0.0656399 0.180081
vt -0.1243784 0.09144776
vt -0.128196 0.08926015
vt -0.1304083 0.08545685
vt -0.1304225 0.08105694
vt -0.1282349 0.07723939
vt -0.1244316 0.07502709
vt -0.1200317 0.07501285
vt -0.1162141 0.07720045
vt -0.1140019 0.08100375
vt -0.1139876 0.08540364
vt -0.1161752 0.08922119
vt -0.1199785 0.09143349
vt -0.006506211 0.2094636
vt -0.00305577 0.2067334
vt -0.002108174 0.2089384
vt -0.004558177 0.2110086
vt 0.04676546 0.2033929
vt 0.05027813 0.2007434
vt 0.05079065 0.2033181
vt 0.04825123 0.2052774
vt 0.08921875 0.1863693
vt 0.09306194 0.1842271
vt 0.09299117 0.1872722
vt 0.1140131 0.1721492
vt 0.1182434 0.1709394
vt 0.1174218 0.174352
vt 0.1198169 0.158406
vt 0.1242168 0.1584139
vt 0.1225675 0.161954
vt 0.1102263 0.1374508
vt 0.1144397 0.1387182
vt 0.1120502 0.1421205
vt 0.08927913 0.1035163
vt 0.09300207 0.1058613
vt 0.09010686 0.1089349
vt 0.05985574 0.05575333
vt 0.06295548 0.05887588
vt 0.05986073 0.06154354
vt 0.05756696 0.05930156
vt 0.01416042 -0.001190919
vt 0.01690863 0.002245154
vt 0.01404486 0.004691416
vt 0.01196139 0.002252706
vt -0.06079487 -0.03399571
vt -0.05749471 -0.03108583
vt -0.05945332 -0.02840573
vt -0.06195525 -0.03041268
vt -0.1240196 0.06787931
vt -0.1196211 0.06777167
vt -0.1193418 0.07060219
vt -0.1225396 0.07085061
vt 0.1197772 0.09967712
vt 0.1171096 0.09789609
vt 0.1156899 0.09501983
vt 0.1158985 0.09181909
vt 0.1176796 0.08915147
vt 0.1205558 0.08773173
vt 0.1237565 0.08794034
vt 0.1264242 0.0897214
vt 0.1278439 0.09259764
vt 0.1276353 0.0957984
vt 0.1258542 0.09846602
vt 0.122978 0.09988575
vt 0.09213325 0.1881882
vt 0.08931421 0.1897184
vt 0.08836433 0.1872708
vt 0.1163733 0.1745511
vt 0.1132667 0.1753494
vt 0.1129854 0.1723165
vt 0.1233789 0.1613299
vt 0.1201735 0.1612123
vt 0.1206839 0.1577394
vt 0.1153853 0.1421659
vt 0.112348 0.1411347
vt 0.1136636 0.1374576
vt 0.09440634 0.1101598
vt 0.09173581 0.1083831
vt 0.09370781 0.104723
vt -0.08897121 0.06493845
vt -0.09310924 0.06344306
vt -0.09096137 0.05685075
vt -0.08682336 0.05834613
vt -0.03180853 0.08502369
vt -0.03561515 0.08281712
vt -0.03201023 0.07689458
vt -0.02820362 0.07910116
vt 0.02389986 0.1279688
vt 0.02017588 0.1256255
vt 0.02426428 0.1200257
vt 0.02798826 0.1223691
vt 0.07463434 0.1560992
vt 0.07073693 0.1540573
vt 0.07454075 0.1482605
vt 0.07843816 0.1503024
vt 0.1164701 0.1442329
vt 0.112246 0.1430012
vt 0.1148475 0.1365744
vt 0.1190715 0.137806
vt 0.128779 0.09627528
vt 0.1243814 0.09641604
vt 0.1246905 0.08948953
vt 0.1290882 0.08934879
vt 0.09365634 0.06495674
vt 0.08951832 0.06645213
vt 0.08737046 0.05985981
vt 0.09150847 0.05836443
vt 0.03644493 0.08424854
vt 0.03263831 0.08645512
vt 0.02903339 0.08053258
vt 0.03284001 0.078326
vt -0.01950514 0.1266914
vt -0.02322911 0.1290348
vt -0.02731751 0.1234351
vt -0.02359354 0.1210917
vt -0.07049339 0.1545221
vt -0.07439081 0.156564
vt -0.07819462 0.1507672
vt -0.0742972 0.1487253
vt -0.1123451 0.1426615
vt -0.1165691 0.1438932
vt -0.1191705 0.1374663
vt -0.1149465 0.1362347
vt -0.1243451 0.09528132
vt -0.1287427 0.09514058
vt -0.1290518 0.08821408
vt -0.1246542 0.08835483
vt 0.125669 0.08840267
vt 0.1217563 0.08639011
vt 0.1193741 0.08269085
vt 0.1191607 0.0782961
vt 0.1211733 0.07438344
vt 0.1248725 0.07200125
vt 0.1292673 0.07178785
vt 0.1331799 0.07380041
vt 0.1355621 0.07749967
vt 0.1357755 0.08189442
vt 0.133763 0.08580709
vt 0.1300637 0.08818926
vt -0.1036574 0.130413
vt -0.1078703 0.1291436
vt -0.1056708 0.1253183
vt -0.1025615 0.1261058
vt -0.06669279 0.1528693
vt -0.07054129 0.1507367
vt -0.06754549 0.1475453
vt -0.06466269 0.1489514
vt -0.02434195 0.1779905
vt -0.02782998 0.1753086
vt -0.02443101 0.1725956
vt -0.02179859 0.174428
vt 0.02381752 0.1839954
vt 0.02050964 0.1810941
vt 0.02398622 0.178511
vt 0.02646586 0.1805456
vt 0.08723809 0.1467034
vt 0.08354964 0.1443046
vt 0.0864751 0.141122
vt 0.08918665 0.1428353
vt 0.1287496 0.02589832
vt 0.1243543 0.02609639
vt 0.1246761 0.02178332
vt 0.1278811 0.02166383
vt 0.06109851 -0.0274026
vt 0.05739442 -0.02502794
vt 0.05536479 -0.02886677
vt -0.0009733759 0.01634369
vt -0.004431732 0.01906383
vt -0.006894793 0.01544807
vt -0.04963411 0.07644409
vt -0.05324148 0.07896324
vt -0.05548403 0.07515987
vt -0.09034136 0.1181026
vt -0.0942711 0.120081
vt -0.09584163 0.1159198
vt -0.09294713 0.1145386
vt -0.1196002 0.1322223
vt -0.1238661 0.1332997
vt -0.1243118 0.1288632
vt -0.1212031 0.1280733
vt -0.1251659 0.1269337
vt -0.1295644 0.1268202
vt -0.1286034 0.1224809
vt -0.1253958 0.1224806
vt -0.1286596 0.08670221
vt -0.1314387 0.08510071
vt -0.1330447 0.0823242
vt -0.1330474 0.07911669
vt -0.1314459 0.07633753
vt -0.1286694 0.07473148
vt -0.1254618 0.07472884
vt -0.1226827 0.0763303
vt -0.1210767 0.07910682
vt -0.121074 0.08231436
vt -0.1226755 0.0850935
vt -0.125452 0.08669954
vt 0.05820115 -0.03557127
vt 0.06098092 -0.03717165
vt 0.06390119 -0.033981
vt -0.005488879 0.005818012
vt -0.002883601 0.003946929
vt 0.0004255633 0.006758594
vt -0.05421585 0.06775478
vt -0.05151592 0.06602308
vt -0.04837174 0.0690652
vt 0.1002797 0.125566
vt 0.1011948 0.1270542
vt 0.1007908 0.1274736
vt 0.09972312 0.1257374
vt -0.04704849 0.1764363
vt -0.04846856 0.1778983
vt -0.0489535 0.1775759
vt -0.04738491 0.175961
vt -0.09155771 0.1863056
vt -0.09361567 0.1872184
vt -0.09388693 0.1867031
vt -0.09175765 0.1857586
vt -0.1048631 0.1864277
vt -0.107069 0.187176
vt -0.1072188 0.1866133
vt -0.1050868 0.18589
vt -0.112599 0.161689
vt -0.1147269 0.1624244
vt -0.1148132 0.1618485
vt -0.1128868 0.1611827
vt -0.1182649 0.1210349
vt -0.1200969 0.1219281
vt -0.1202132 0.1213574
vt -0.1186428 0.1205919
vt -0.09976734 0.1258811
vt -0.1006825 0.1273693
vt -0.1010865 0.1269499
vt -0.1003239 0.1257097
vt 0.04771514 0.1761947
vt 0.04872949 0.177239
vt 0.04824455 0.1775614
vt 0.04737873 0.17667
vt 0.09226912 0.1859455
vt 0.09340508 0.1864494
vt 0.09313381 0.1869647
vt 0.09206917 0.1864925
vt 0.1055896 0.1860991
vt 0.1066925 0.1864732
vt 0.1065428 0.187036
vt 0.105366 0.1866368
vt 0.1132385 0.1613826
vt 0.1144131 0.1617885
vt 0.1143268 0.1623645
vt 0.1129508 0.1618889
vt 0.1187572 0.1206895
vt 0.1200658 0.1213274
vt 0.1199496 0.1218981
vt 0.1183793 0.1211325
vt 0.1173035 0.07879516
vt 0.1190199 0.07912102
vt 0.1190578 0.07970213
vt 0.1170553 0.07932196
vt -0.118559 0.06335692
vt -0.1205447 0.06381677
vt -0.1207777 0.06328307
vt -0.1185843 0.06277514
vt -0.1202004 0.1236232
vt -0.1224445 0.123803
vt -0.1225298 0.1232269
vt -0.1202079 0.1230409
vt -0.1200981 0.1695905
vt -0.1224236 0.1697244
vt -0.1224181 0.1691421
vt -0.1201705 0.1690127
vt -0.1199665 0.1772317
vt -0.1222143 0.1773576
vt -0.1221399 0.17678
vt -0.1201049 0.1766661
vt -0.1196851 0.1413752
vt -0.1217178 0.1415256
vt -0.1216142 0.1409526
vt -0.119872 0.1408236
vt -0.1171914 0.07938606
vt -0.1189077 0.07971191
vt -0.1188699 0.0791308
vt -0.1174396 0.07885925
vt 0.1189886 0.06279283
vt 0.1204069 0.0631213
vt 0.1201739 0.063655
vt 0.1189632 0.06337462
vt 0.1207524 0.1230479
vt 0.1219911 0.1231471
vt 0.1219058 0.1237232
vt 0.1207449 0.1236302
vt 0.1207108 0.1690803
vt 0.1218736 0.1691473
vt 0.1218791 0.1697296
vt 0.1206385 0.1696582
vt 0.1204979 0.1767622
vt 0.1217387 0.1768317
vt 0.1218131 0.1774093
vt 0.1203595 0.1773279
vt 0.1200144 0.1408718
vt 0.1214663 0.1409793
vt 0.1215698 0.1415524
vt 0.1198276 0.1414234
vt 0.1195866 0.03593078
vt 0.1208905 0.03476807
vt 0.1213744 0.03509202
vt 0.1198532 0.03644851
vt -0.04930642 -0.04269061
vt -0.05088165 -0.04398402
vt -0.0506007 -0.04449413
vt -0.04886075 -0.04306544
vt -0.09230236 0.07613941
vt -0.09444921 0.07546146
vt -0.09431145 0.07489565
vt -0.0920902 0.07559709
vt -0.1032649 0.1562528
vt -0.1055333 0.1557234
vt -0.1053633 0.1551665
vt -0.1031708 0.1556781
vt -0.1100941 0.1869061
vt -0.1122874 0.1863982
vt -0.1120544 0.1858644
vt -0.1100688 0.1863243
vt -0.1171132 0.1550284
vt -0.1190575 0.1544169
vt -0.1187494 0.1539227
vt -0.1170829 0.1544469
vt -0.1199869 0.03637965
vt -0.1212908 0.03521695
vt -0.1208069 0.034893
vt -0.1197203 0.03586191
vt 0.04912121 -0.04337499
vt 0.05024636 -0.04429886
vt 0.0505273 -0.04378877
vt 0.04956687 -0.04300016
vt 0.09259732 0.0753987
vt 0.09378235 0.07502449
vt 0.09392012 0.07559031
vt 0.09280948 0.07594102
vt 0.1037082 0.1555901
vt 0.1048425 0.1553255
vt 0.1050125 0.1558824
vt 0.1038023 0.1561648
vt 0.110473 0.1863067
vt 0.1116836 0.1860263
vt 0.1119166 0.18656
vt 0.1104983 0.1868884
vt 0.117233 0.154439
vt 0.1186218 0.1540022
vt 0.1189299 0.1544964
vt 0.1172634 0.1550206
vt 0.1145354 0.03758407
vt 0.1148406 0.0358639
vt 0.1154212 0.03581905
vt 0.1150651 0.0378259
vt 0.0196506 0.005423561
vt 0.01829163 0.003904539
vt 0.01864723 0.003443385
vt 0.02014834 0.005121267
vt -0.03435471 0.09237678
vt -0.03629494 0.09123479
vt -0.03603383 0.09071426
vt -0.03402637 0.09189582
vt -0.06257471 0.1685906
vt -0.06467047 0.1675739
vt -0.06438175 0.1670682
vt -0.0623562 0.1680509
vt -0.08549429 0.1993793
vt -0.08748633 0.1983303
vt -0.08712527 0.1978734
vt -0.08532184 0.1988231
vt -0.1112489 0.1622278
vt -0.112823 0.160933
vt -0.1123523 0.16059
vt -0.1110031 0.1616999
vt -0.1151276 0.0376891
vt -0.1154327 0.03596894
vt -0.1148521 0.03601379
vt -0.1145978 0.03744727
vt -0.0199383 0.004775452
vt -0.01896759 0.00369044
vt -0.01861199 0.004151584
vt -0.01944057 0.005077747
vt 0.03447612 0.09158881
vt 0.03554709 0.09095845
vt 0.03580819 0.09147897
vt 0.03480447 0.09206976
vt 0.06286094 0.1678465
vt 0.06390881 0.1673381
vt 0.06419753 0.1678439
vt 0.06307945 0.1683863
vt 0.08570828 0.1987033
vt 0.08680784 0.1981243
vt 0.08716889 0.1985812
vt 0.08588073 0.1992595
vt 0.1111395 0.1616364
vt 0.1122638 0.1607115
vt 0.1127344 0.1610545
vt 0.1113852 0.1621643
vt 0.1157321 0.06238393
vt 0.1151936 0.06072196
vt 0.1156851 0.06040967
vt 0.1163133 0.06234863
vt 0.06293042 0.07201655
vt 0.06144347 0.07062255
vt 0.06175727 0.07013199
vt 0.06339972 0.07167177
vt 0.02159502 0.1397071
vt 0.01971949 0.1384618
vt 0.02000841 0.1379561
vt 0.02194893 0.1392447
vt -0.01250879 0.1958866
vt -0.01446889 0.1946281
vt -0.01412213 0.1941603
vt -0.01222768 0.1953766
vt -0.05130488 0.2115454
vt -0.05303989 0.2101108
vt -0.05259291 0.2097375
vt -0.05102218 0.2110363
vt -0.1044586 0.161855
vt -0.1054015 0.160048
vt -0.1048343 0.1599162
vt -0.1040261 0.161465
vt -0.1163042 0.06219855
vt -0.1157657 0.06053659
vt -0.1152742 0.06084888
vt -0.115723 0.06223385
vt -0.06316016 0.07134575
vt -0.06209806 0.07035003
vt -0.06178425 0.07084059
vt -0.06269086 0.07169051
vt -0.02151648 0.1389137
vt -0.02048122 0.1382263
vt -0.02019231 0.1387319
vt -0.02116257 0.1393762
vt 0.0127046 0.1951138
vt 0.01368466 0.1944845
vt 0.01403141 0.1949524
vt 0.01298571 0.1956238
vt 0.05137588 0.2108399
vt 0.05233356 0.210048
vt 0.05278054 0.2104213
vt 0.05165858 0.211349
vt 0.1041268 0.1613533
vt 0.1048003 0.1600626
vt 0.1053675 0.1601944
vt 0.1045593 0.1617432
vt 0.1197955 0.0911983
vt 0.1186319 0.08989513
vt 0.1189555 0.089411
vt 0.120313 0.09093136
vt 0.09491904 0.125855
vt 0.09320574 0.124751
vt 0.09342626 0.124212
vt 0.09531873 0.1254314
vt 0.07009287 0.177655
vt 0.06812953 0.1765532
vt 0.06837986 0.1760274
vt 0.07041125 0.1771673
vt 0.04066145 0.2107912
vt 0.03870134 0.2095326
vt 0.03904809 0.2090648
vt 0.04094256 0.2102812
vt -0.009714875 0.2111456
vt -0.01124736 0.2094963
vt -0.01075541 0.2091847
vt -0.009368022 0.2106779
vt -0.1008761 0.1509685
vt -0.1009355 0.1489311
vt -0.1003677 0.1490602
vt -0.1003167 0.1508065
vt -0.1202441 0.09079773
vt -0.1190805 0.08949456
vt -0.1187569 0.08997869
vt -0.1197265 0.09106466
vt -0.09502449 0.1251538
vt -0.09380071 0.1243652
vt -0.09358019 0.1249042
vt -0.0946248 0.1255773
vt -0.06995526 0.1768697
vt -0.06887153 0.1762615
vt -0.0686212 0.1767873
vt -0.0696369 0.1773573
vt -0.04046564 0.2100183
vt -0.03948558 0.209389
vt -0.03913882 0.2098569
vt -0.04018454 0.2105283
vt 0.009693036 0.2104369
vt 0.01053894 0.2095265
vt 0.01103088 0.2098381
vt 0.0100399 0.2109046
vt 0.1003586 0.150662
vt 0.100401 0.1492068
vt 0.1009689 0.1490777
vt 0.1009179 0.150824
vt 0.1227028 0.1162506
vt 0.1211324 0.1154851
vt 0.1212486 0.1149145
vt 0.1230807 0.1158076
vt 0.1160816 0.1581783
vt 0.1141552 0.1575125
vt 0.1142414 0.1569366
vt 0.1163693 0.157672
vt 0.1075452 0.185651
vt 0.1054132 0.1849277
vt 0.105563 0.1843649
vt 0.1077688 0.1851133
vt 0.09300373 0.1886942
vt 0.09087444 0.1877497
vt 0.09114569 0.1872344
vt 0.09320366 0.1881473
vt 0.04534662 0.1810792
vt 0.04377804 0.1794643
vt 0.04426297 0.1791418
vt 0.04568304 0.1806039
vt -0.1065909 0.1239069
vt -0.1055233 0.1221707
vt -0.1051192 0.1225901
vt -0.1060344 0.1240783
vt -0.1229663 0.11571
vt -0.1213959 0.1149445
vt -0.1212797 0.1155151
vt -0.1225883 0.1161531
vt -0.1160176 0.1574721
vt -0.1146416 0.1569965
vt -0.1145553 0.1575724
vt -0.1157298 0.1579784
vt -0.107266 0.1849042
vt -0.1060892 0.1845049
vt -0.1059395 0.1850677
vt -0.1070424 0.1854419
vt -0.09269221 0.1879603
vt -0.09162757 0.1874881
vt -0.09135631 0.1880034
vt -0.09249226 0.1885073
vt -0.04535276 0.1803701
vt -0.04448693 0.1794787
vt -0.044002 0.1798011
vt -0.04501634 0.1808455
vt 0.1059901 0.1239346
vt 0.1052275 0.1226944
vt 0.1056316 0.122275
vt 0.1065467 0.1237632
vt 0.1220337 0.1352868
vt 0.1202914 0.1351578
vt 0.1201879 0.1345848
vt 0.1222205 0.1347353
vt 0.1223571 0.1729029
vt 0.1203221 0.1727889
vt 0.1202477 0.1722113
vt 0.1224955 0.1723373
vt 0.1224765 0.1681276
vt 0.1202289 0.1679982
vt 0.1202234 0.1674159
vt 0.1225489 0.1675498
vt 0.1223558 0.1253981
vt 0.1200339 0.1252121
vt 0.1201192 0.124636
vt 0.1223634 0.1248158
vt 0.1196432 0.06818156
vt 0.1174499 0.06767362
vt 0.1176829 0.06713992
vt 0.1196686 0.06759977
vt -0.1203278 0.0730126
vt -0.1183254 0.07263242
vt -0.1183632 0.07321353
vt -0.1200796 0.07353939
vt -0.1220781 0.134687
vt -0.1203358 0.1345581
vt -0.1204394 0.1351311
vt -0.1218913 0.1352386
vt -0.1221025 0.1722411
vt -0.1206489 0.1721597
vt -0.1207233 0.1727373
vt -0.1219641 0.1728067
vt -0.1220085 0.1674821
vt -0.1207679 0.1674107
vt -0.1207734 0.167993
vt -0.1219362 0.16806
vt -0.1218189 0.1248088
vt -0.1206579 0.1247158
vt -0.1205726 0.1252919
vt -0.1218113 0.1253911
vt -0.1192644 0.06758223
vt -0.1180537 0.06730185
vt -0.1178207 0.06783555
vt -0.119239 0.06816401
vt 0.1199436 0.07347536
vt 0.1185133 0.07320382
vt 0.1184754 0.0726227
vt 0.1201918 0.07294856
vt 0.1170446 0.1485032
vt 0.1153781 0.1490274
vt 0.11507 0.1485332
vt 0.1170143 0.1479216
vt 0.1111784 0.1820814
vt 0.1091927 0.1825412
vt 0.1089597 0.1820075
vt 0.1111531 0.1814996
vt 0.1051324 0.1541769
vt 0.1029399 0.1546885
vt 0.1027699 0.1541316
vt 0.1050383 0.1536022
vt 0.09496738 0.07697277
vt 0.09274612 0.0776742
vt 0.09260836 0.07710838
vt 0.09475522 0.07643045
vt 0.05379153 -0.04060808
vt 0.05205157 -0.03917939
vt 0.05177063 -0.03968949
vt 0.05334586 -0.04098291
vt -0.1168428 0.03000998
vt -0.1153216 0.03136647
vt -0.1158055 0.03169041
vt -0.1171094 0.03052771
vt -0.1168642 0.1479295
vt -0.1151976 0.1484537
vt -0.1155057 0.1489479
vt -0.1168945 0.148511
vt -0.1107488 0.1815172
vt -0.1093305 0.1818456
vt -0.1095635 0.1823793
vt -0.1107742 0.182099
vt -0.1045009 0.1536901
vt -0.1032907 0.1539726
vt -0.1034607 0.1545295
vt -0.1045949 0.1542648
vt -0.09424808 0.07662888
vt -0.09313745 0.07697959
vt -0.09327522 0.0775454
vt -0.09446024 0.07717121
vt -0.05308546 -0.04067327
vt -0.05212503 -0.03988467
vt -0.05240597 -0.03937457
vt -0.05353112 -0.04029845
vt 0.1169758 0.03059661
vt 0.1158892 0.03156552
vt 0.1154052 0.03124158
vt 0.1167092 0.03007887
vt 0.1087431 0.1562024
vt 0.1073939 0.1573123
vt 0.1069233 0.1569693
vt 0.1084974 0.1556745
vt 0.08531597 0.1944375
vt 0.08351253 0.1953872
vt 0.08315147 0.1949303
vt 0.08514351 0.1938813
vt 0.06393822 0.1661539
vt 0.06191266 0.1671366
vt 0.06162394 0.1666309
vt 0.0637197 0.1656142
vt 0.03713873 0.09259145
vt 0.03513127 0.09377301
vt 0.03487017 0.09325249
vt 0.03681039 0.0921105
vt -0.01489983 0.006795933
vt -0.01640094 0.008473813
vt -0.01675655 0.008012665
vt -0.01539758 0.006493639
vt -0.1087169 0.03462961
vt -0.1083608 0.03663646
vt -0.1089414 0.03659161
vt -0.1092466 0.03487144
vt -0.108361 0.155738
vt -0.1070118 0.1568478
vt -0.1074825 0.1571908
vt -0.1086068 0.1562659
vt -0.08475707 0.1940011
vt -0.0834689 0.1946794
vt -0.08382995 0.1951363
vt -0.08492953 0.1945573
vt -0.06321493 0.1658185
vt -0.06209686 0.1663609
vt -0.06238558 0.1668666
vt -0.06343345 0.1663583
vt -0.03636066 0.09241755
vt -0.03535694 0.09300835
vt -0.03561805 0.09352887
vt -0.03668901 0.0928985
vt 0.01560757 0.006839437
vt 0.01643615 0.007765601
vt 0.01608055 0.008226744
vt 0.01510984 0.007141733
vt 0.1091842 0.03500823
vt 0.1089299 0.0364417
vt 0.1083492 0.03648655
vt 0.1086544 0.03476638
vt 0.09979758 0.1572878
vt 0.09898934 0.1588366
vt 0.0984221 0.1587048
vt 0.09936506 0.1568978
vt 0.05011829 0.2067449
vt 0.04854756 0.2080437
vt 0.04810059 0.2076705
vt 0.04983559 0.2062358
vt 0.01357311 0.1933052
vt 0.01167866 0.1945216
vt 0.01133189 0.1940537
vt 0.013292 0.1927952
vt -0.01880348 0.1397708
vt -0.02074401 0.1410593
vt -0.02103292 0.1405537
vt -0.01915739 0.1393083
vt -0.05831828 0.0738003
vt -0.05996073 0.07534008
vt -0.06027453 0.07484952
vt -0.05878758 0.07345552
vt -0.1092076 0.06250845
vt -0.1098359 0.06444741
vt -0.1103274 0.0641351
vt -0.1097889 0.06247314
vt -0.09926438 0.1570095
vt -0.09845613 0.1585583
vt -0.09902336 0.1586901
vt -0.0996969 0.1573994
vt -0.04948184 0.2064322
vt -0.04835989 0.20736
vt -0.04880686 0.2077332
vt -0.04976455 0.2069413
vt -0.01281509 0.193058
vt -0.01176938 0.1937295
vt -0.01211614 0.1941973
vt -0.01309619 0.1935681
vt 0.01958982 0.1396393
vt 0.02056009 0.1402835
vt 0.02027117 0.1407892
vt 0.01923591 0.1401017
vt 0.05902712 0.07378157
vt 0.05993372 0.0746315
vt 0.05961992 0.07512207
vt 0.05855782 0.07412635
vt 0.109798 0.06262328
vt 0.1102468 0.06400826
vt 0.1097553 0.06432055
vt 0.1092168 0.06265859
vt 0.09468882 0.1488943
vt 0.09463783 0.1506406
vt 0.09406996 0.1507697
vt 0.09412946 0.1487324
vt 0.007910648 0.2065415
vt 0.006523259 0.2080346
vt 0.00603131 0.207723
vt 0.007563793 0.2060737
vt -0.03959716 0.2082097
vt -0.04149162 0.2094261
vt -0.04183837 0.2089582
vt -0.03987827 0.2076997
vt -0.06731389 0.177927
vt -0.06934527 0.1790669
vt -0.0695956 0.1785412
vt -0.06763226 0.1774394
vt -0.09070265 0.1284387
vt -0.09259512 0.1296582
vt -0.09281565 0.1291192
vt -0.09110235 0.1280152
vt -0.1138765 0.09394595
vt -0.115234 0.09546631
vt -0.1155576 0.09498218
vt -0.114394 0.09367901
vt -0.09408763 0.1488768
vt -0.09403663 0.1506231
vt -0.09460449 0.150494
vt -0.09464698 0.1490388
vt -0.00723881 0.2063147
vt -0.006247825 0.2073812
vt -0.006739765 0.2076928
vt -0.007585669 0.2067824
vt 0.04035518 0.2079625
vt 0.04140089 0.208634
vt 0.04105413 0.2091018
vt 0.04007407 0.2084725
vt 0.06808823 0.1777371
vt 0.06910392 0.1783071
vt 0.06885359 0.1788329
vt 0.06776986 0.1782247
vt 0.09139661 0.1282928
vt 0.09244122 0.128966
vt 0.09222071 0.1295049
vt 0.09099693 0.1287163
vt 0.114463 0.09381265
vt 0.1154326 0.09489862
vt 0.115109 0.09538275
vt 0.1139454 0.09407958
vt -0.08700402 0.1462526
vt -0.08630826 0.1478551
vt -0.08676748 0.1482132
vt -0.08757921 0.1463437
vt -0.006752358 0.1788142
vt -0.005101143 0.180009
vt -0.005350431 0.1805353
vt -0.00717433 0.1792155
vt 0.033162 0.1521281
vt 0.0351625 0.1531609
vt 0.03493063 0.1536951
vt 0.0328608 0.1526265
vt 0.0612875 0.09909239
vt 0.06336959 0.1001368
vt 0.06307419 0.1006387
vt 0.06106184 0.09962923
vt 0.09108721 0.04198369
vt 0.0929748 0.04321073
vt 0.0925734 0.04363264
vt 0.09086453 0.04252177
vt 0.1283477 0.03499433
vt 0.1294599 0.03670238
vt 0.1289079 0.03688804
vt 0.1279546 0.035424
vt 0.08755571 0.1464922
vt 0.08685993 0.1480947
vt 0.08640071 0.1477366
vt 0.08698051 0.1464012
vt 0.006895513 0.1795087
vt 0.005716074 0.1803621
vt 0.005466786 0.1798358
vt 0.006473544 0.1791073
vt -0.03332684 0.1529082
vt -0.03443108 0.1534782
vt -0.03466295 0.152944
vt -0.03362804 0.1524098
vt -0.06156383 0.09984028
vt -0.06260487 0.1003625
vt -0.06290027 0.09986064
vt -0.06178949 0.09930343
vt -0.09123837 0.04267649
vt -0.09228028 0.04335379
vt -0.09268166 0.04293188
vt -0.09146105 0.0421384
vt -0.1280656 0.03552552
vt -0.12886 0.03674555
vt -0.1294119 0.03655989
vt -0.1284587 0.03509585
vt -0.1003113 0.1422687
vt -0.0990705 0.1434986
vt -0.09936403 0.1440015
vt -0.1008116 0.1425667
vt -0.05564258 0.166368
vt -0.05384178 0.1673227
vt -0.05401577 0.1678784
vt -0.05600489 0.1668239
vt -0.02629533 0.1292076
vt -0.02423951 0.1301253
vt -0.02444073 0.1306718
vt -0.0265678 0.1297223
vt 0.002436594 0.05961529
vt 0.004524465 0.06064813
vt 0.004231874 0.06115163
vt 0.00221393 0.06015338
vt 0.0463922 -0.01283286
vt 0.04816628 -0.01144677
vt 0.04772981 -0.01106125
vt 0.04612371 -0.01231611
vt 0.1251469 0.0081637
vt 0.1254843 0.01017379
vt 0.1249041 0.01012353
vt 0.124615 0.008400596
vt 0.1007347 0.1426959
vt 0.0994939 0.1439258
vt 0.09920035 0.1434228
vt 0.1002344 0.1423979
vt 0.05568811 0.1670756
vt 0.05440182 0.1677575
vt 0.05422783 0.1672018
vt 0.05532579 0.1666197
vt 0.02608652 0.1299771
vt 0.02495174 0.1304836
vt 0.02475052 0.1299371
vt 0.02581406 0.1294624
vt -0.002717115 0.06036159
vt -0.003761054 0.06087801
vt -0.004053651 0.06037451
vt -0.002939786 0.0598235
vt -0.04648272 -0.01212957
vt -0.04746198 -0.01136447
vt -0.04789844 -0.01174999
vt -0.04675121 -0.01264632
vt -0.1246761 0.00853799
vt -0.1249171 0.009973776
vt -0.1254973 0.01002403
vt -0.1252081 0.008301094
vt -0.1139003 0.1315272
vt -0.1123081 0.1322463
vt -0.1124075 0.1328201
vt -0.114265 0.1319812
vt -0.09579328 0.1484576
vt -0.09383857 0.149035
vt -0.09389855 0.1496142
vt -0.09605767 0.1489764
vt -0.08197855 0.1095872
vt -0.0798081 0.1101853
vt -0.07992486 0.1107558
vt -0.08217052 0.1101369
vt -0.06453205 0.03475118
vt -0.062326 0.03549907
vt -0.0625495 0.03603682
vt -0.06468166 0.03531398
vt -0.02208407 -0.05690958
vt -0.02020998 -0.05566202
vt -0.02061595 -0.05524451
vt -0.0223126 -0.05637395
vt 0.1272758 -0.002987165
vt 0.1265225 -0.00109326
vt 0.1260524 -0.001436915
vt 0.126698 -0.003060268
vt 0.1141478 0.1320754
vt 0.1125556 0.1327945
vt 0.1124562 0.1322207
vt 0.113783 0.1316214
vt 0.09569718 0.1491601
vt 0.09430097 0.1495725
vt 0.09424099 0.1489933
vt 0.0954328 0.1486412
vt 0.08165641 0.1103165
vt 0.08045836 0.1106466
vt 0.08034161 0.1100761
vt 0.08146444 0.1097667
vt 0.06415539 0.0354539
vt 0.06305237 0.03582784
vt 0.06282888 0.0352901
vt 0.06400578 0.0348911
vt 0.02194048 -0.05621517
vt 0.02090602 -0.05552654
vt 0.02050005 -0.05594406
vt 0.02171195 -0.0567508
vt -0.1266792 -0.002911011
vt -0.1261412 -0.001558223
vt -0.1266113 -0.001214567
vt -0.1272569 -0.002837913
vt -0.1241364 0.1157126
vt -0.1223943 0.1158428
vt -0.1222911 0.1164159
vt -0.1243236 0.116264
vt -0.1224156 0.1329484
vt -0.1203802 0.1330547
vt -0.1203036 0.133632
vt -0.1225519 0.1335145
vt -0.1211809 0.110473
vt -0.1189324 0.1105872
vt -0.118923 0.1111694
vt -0.1212493 0.1110513
vt -0.1194414 0.05687807
vt -0.117117 0.05703066
vt -0.117194 0.05760788
vt -0.1194405 0.05746041
vt -0.1134967 -0.02151947
vt -0.1112693 -0.02119188
vt -0.111458 -0.02064097
vt -0.1134745 -0.02093754
vt 0.1307872 0.04271693
vt 0.1288182 0.04324345
vt 0.1288132 0.04266113
vt 0.1305009 0.04220983
vt 0.1241812 0.1163124
vt 0.1224391 0.1164426
vt 0.1225422 0.1158694
vt 0.1239941 0.1157609
vt 0.1221585 0.1336092
vt 0.1207047 0.1336852
vt 0.1207812 0.1331079
vt 0.1220222 0.1330431
vt 0.1207085 0.1111152
vt 0.1194675 0.1111783
vt 0.1194769 0.110596
vt 0.1206401 0.1105369
vt 0.118896 0.05745962
vt 0.1177338 0.05753592
vt 0.1176568 0.05695869
vt 0.1188968 0.05687728
vt 0.1130702 -0.02095296
vt 0.1118408 -0.02077213
vt 0.111652 -0.02132304
vt 0.1130924 -0.02153488
vt -0.13037 0.0422838
vt -0.1289636 0.04265987
vt -0.1289686 0.04324219
vt -0.1306563 0.0427909
vt -0.1291154 0.09511955
vt -0.1274336 0.09464662
vt -0.1271408 0.09515001
vt -0.1291029 0.09570176
vt -0.130551 0.1167592
vt -0.1285492 0.1163757
vt -0.1283368 0.1169179
vt -0.1305479 0.1173415
vt -0.130026 0.1242645
vt -0.1278115 0.1238586
vt -0.1276684 0.1244231
vt -0.1299596 0.124843
vt -0.1278416 0.1141283
vt -0.1255726 0.1136016
vt -0.1254792 0.1141764
vt -0.1276723 0.1146854
vt -0.115377 0.1060041
vt -0.1133563 0.1050115
vt -0.1131996 0.1055723
vt -0.1150289 0.106471
vt 0.09259199 0.1184608
vt 0.09126313 0.1169154
vt 0.09178559 0.1166582
vt 0.0929246 0.1179828
vt 0.1289526 0.09569855
vt 0.1272708 0.09522562
vt 0.1275636 0.09472223
vt 0.128965 0.09511633
vt 0.1301433 0.1173394
vt 0.1287135 0.1170655
vt 0.1289259 0.1165233
vt 0.1301464 0.1167571
vt 0.1294186 0.1247809
vt 0.1281963 0.1245569
vt 0.1283394 0.1239924
vt 0.129485 0.1242024
vt 0.1271512 0.1145271
vt 0.1260167 0.1142637
vt 0.1261101 0.1136889
vt 0.1273206 0.1139699
vt 0.1147046 0.1062292
vt 0.1135892 0.1056812
vt 0.113746 0.1051204
vt 0.1150527 0.1057623
vt -0.09280129 0.1178969
vt -0.0918521 0.116793
vt -0.09132965 0.1170502
vt -0.09246866 0.1183749
vt -0.1286086 0.069535
vt -0.1271935 0.06851047
vt -0.1267449 0.06888179
vt -0.1283958 0.0700771
vt -0.1191266 0.09012802
vt -0.1172554 0.08932002
vt -0.1169306 0.08980336
vt -0.1189975 0.09069587
vt -0.1073204 0.12579
vt -0.1052179 0.124985
vt -0.1049737 0.1255137
vt -0.1071491 0.1263466
vt -0.09111719 0.1522753
vt -0.08898981 0.1513265
vt -0.08878876 0.151873
vt -0.09084489 0.15279
vt -0.05422567 0.1670823
vt -0.05244604 0.1657033
vt -0.05217963 0.1662211
vt -0.05379077 0.1674695
vt 0.07455844 0.142169
vt 0.0744752 0.1401325
vt 0.07504453 0.140255
vt 0.07511587 0.1420006
vt 0.1282559 0.07002217
vt 0.1268408 0.06899761
vt 0.1272894 0.06862628
vt 0.1284686 0.06948008
vt 0.118603 0.09060617
vt 0.1172664 0.09002902
vt 0.1175912 0.08954567
vt 0.1187321 0.09003831
vt 0.1066286 0.1261864
vt 0.1054681 0.125742
vt 0.1057123 0.1252134
vt 0.1067999 0.1256298
vt 0.09036355 0.1525354
vt 0.08929987 0.152061
vt 0.08950092 0.1515144
vt 0.09063585 0.1520206
vt 0.05352167 0.1671674
vt 0.05253936 0.1664062
vt 0.05280577 0.1658884
vt 0.05395658 0.1667801
vt -0.07507242 0.1418566
vt -0.07501296 0.1404019
vt -0.07444362 0.1402795
vt -0.07451498 0.1420251
vt -0.1241469 0.03998801
vt -0.1231936 0.03852397
vt -0.1226417 0.03870963
vt -0.1237538 0.04041768
vt -0.09045696 0.04688841
vt -0.08874809 0.04577754
vt -0.0883467 0.04619946
vt -0.09023429 0.0474265
vt -0.06261856 0.101547
vt -0.0606062 0.1005375
vt -0.0603108 0.1010394
vt -0.06239289 0.1020838
vt -0.03592983 0.1517595
vt -0.03386 0.150691
vt -0.03362813 0.1512252
vt -0.03562864 0.1522579
vt 0.002402683 0.1764618
vt 0.004226582 0.1751419
vt 0.00447587 0.1756682
vt 0.002824653 0.1768631
vt 0.08052178 0.1455015
vt 0.08133351 0.1436319
vt 0.08179273 0.14399
vt 0.08109697 0.1455925
vt 0.1236428 0.04031618
vt 0.1226896 0.03885215
vt 0.1232416 0.03866648
vt 0.1240359 0.03988651
vt 0.08986047 0.04727178
vt 0.08863985 0.04647831
vt 0.08904123 0.04605639
vt 0.09008314 0.04673369
vt 0.06189085 0.1018728
vt 0.06078007 0.1013156
vt 0.06107547 0.1008138
vt 0.06211652 0.101336
vt 0.03516257 0.1519763
vt 0.03412765 0.151442
vt 0.03435952 0.1509078
vt 0.03546377 0.1514778
vt -0.003103517 0.17657
vt -0.004110275 0.1758414
vt -0.003860995 0.1753151
vt -0.00268155 0.1761686
vt -0.08112048 0.145444
vt -0.08170029 0.1441085
vt -0.08124106 0.1437505
vt -0.08054529 0.145353
vt -0.1193011 0.01106375
vt -0.119012 0.00934082
vt -0.1184318 0.009290556
vt -0.1187691 0.01130065
vt -0.04533901 -0.008001309
vt -0.0437329 -0.009256169
vt -0.04329643 -0.008870648
vt -0.04507051 -0.007484555
vt -0.003781299 0.0620624
vt -0.001763354 0.06106415
vt -0.001470764 0.06156765
vt -0.003558635 0.06260049
vt 0.02355288 0.1286827
vt 0.02567995 0.1277332
vt 0.02588117 0.1282797
vt 0.02382534 0.1291974
vt 0.05166064 0.1634358
vt 0.05364976 0.1623813
vt 0.05382376 0.1629371
vt 0.05202296 0.1638917
vt 0.09457071 0.1391656
vt 0.09601831 0.1377307
vt 0.09631184 0.1382337
vt 0.09507105 0.1394636
vt 0.118708 0.01116324
vt 0.1184188 0.009440306
vt 0.118999 0.009490568
vt 0.1192399 0.01092635
vt 0.04471149 -0.007671043
vt 0.04356427 -0.008567375
vt 0.04400073 -0.008952895
vt 0.04497998 -0.008187799
vt 0.003055452 0.06239232
vt 0.001941587 0.0618413
vt 0.002234185 0.06133781
vt 0.003278123 0.06185422
vt -0.02430659 0.1289426
vt -0.02537013 0.1284678
vt -0.02516891 0.1279214
vt -0.02403413 0.1284279
vt -0.05233967 0.16364
vt -0.05343763 0.163058
vt -0.05326364 0.1625022
vt -0.05197736 0.1631841
vt -0.095148 0.1393343
vt -0.096182 0.1383095
vt -0.09588845 0.1378065
vt -0.09464766 0.1390364
vt -0.1207733 -0.003536535
vt -0.121419 -0.005159887
vt -0.1209488 -0.005503542
vt -0.1201956 -0.003609638
vt 0.02276775 -0.05201202
vt 0.0244644 -0.05314145
vt 0.02487037 -0.05272393
vt 0.02299628 -0.05147638
vt 0.06287576 0.03699917
vt 0.06500791 0.03627633
vt 0.06523141 0.03681407
vt 0.06302537 0.03756196
vt 0.07934617 0.1086559
vt 0.08159183 0.108037
vt 0.08170858 0.1086075
vt 0.07953814 0.1092056
vt 0.0924741 0.144792
vt 0.09463322 0.1441542
vt 0.0946932 0.1447334
vt 0.09273849 0.1453108
vt 0.1096049 0.1266147
vt 0.1114624 0.1257757
vt 0.1115618 0.1263495
vt 0.1099696 0.1270686
vt 0.1202144 -0.003758862
vt 0.1208601 -0.005382203
vt 0.1213302 -0.005038553
vt 0.1207922 -0.003685759
vt -0.02336847 -0.05163511
vt -0.02458037 -0.05244184
vt -0.0241744 -0.05285936
vt -0.02313994 -0.05217073
vt -0.06355167 0.03742209
vt -0.06472858 0.0370231
vt -0.06450509 0.03648535
vt -0.06340206 0.0368593
vt -0.08005226 0.1090261
vt -0.08117508 0.1087167
vt -0.08105834 0.1081462
vt -0.07986028 0.1084763
vt -0.09309897 0.1451271
vt -0.09429077 0.1447751
vt -0.09423079 0.1441959
vt -0.09283458 0.1446083
vt -0.1100868 0.1269744
vt -0.1114137 0.1263752
vt -0.1113143 0.1258014
vt -0.1097221 0.1265205
vt -0.1273456 0.03717268
vt -0.1290333 0.03672138
vt -0.1290283 0.03613906
vt -0.1270593 0.03666558
vt 0.1120231 -0.0167991
vt 0.1140396 -0.01709567
vt 0.1142283 -0.01654476
vt 0.1120009 -0.01621717
vt 0.1172606 0.05862184
vt 0.1195071 0.05847436
vt 0.119584 0.05905159
vt 0.1172597 0.05920418
vt 0.1188124 0.108994
vt 0.1211388 0.1088758
vt 0.1211293 0.1094581
vt 0.1188809 0.1095723
vt 0.1200413 0.1286106
vt 0.1222896 0.1284932
vt 0.122213 0.1290704
vt 0.1201776 0.1291768
vt 0.1217837 0.1096259
vt 0.1238162 0.109474
vt 0.123713 0.1100471
vt 0.1219709 0.1101773
vt 0.1271902 0.03659163
vt 0.128878 0.03614033
vt 0.128883 0.03672264
vt 0.1274765 0.03709872
vt -0.1124052 -0.01620177
vt -0.1138456 -0.01641361
vt -0.1136568 -0.01696452
vt -0.1124273 -0.0167837
vt -0.1178042 0.059205
vt -0.1190443 0.05912359
vt -0.1189673 0.05854636
vt -0.1178051 0.05862266
vt -0.1194217 0.1095083
vt -0.1205848 0.1094492
vt -0.1205943 0.108867
vt -0.1193532 0.10893
vt -0.1205709 0.1290821
vt -0.1218119 0.1290173
vt -0.1218885 0.12844
vt -0.1204346 0.1285159
vt -0.1221132 0.110129
vt -0.1235651 0.1100205
vt -0.1236682 0.1094473
vt -0.121926 0.1095775
vt -0.09609343 0.1129541
vt -0.09723245 0.1142787
vt -0.0977549 0.1140215
vt -0.09642605 0.1124761
vt 0.1114874 0.1090576
vt 0.1133167 0.1099563
vt 0.1131599 0.1105172
vt 0.1111393 0.1095245
vt 0.1252495 0.1151663
vt 0.1274425 0.1156753
vt 0.1273491 0.1162501
vt 0.1250801 0.1157234
vt 0.1280611 0.1222806
vt 0.1303523 0.1227005
vt 0.1302092 0.123265
vt 0.1279947 0.1228591
vt 0.1292829 0.1119795
vt 0.1314941 0.1124032
vt 0.1312817 0.1129454
vt 0.1292799 0.1125618
vt 0.128984 0.08859528
vt 0.1309461 0.08914703
vt 0.1306533 0.08965042
vt 0.1289715 0.08917749
vt 0.09654947 0.112562
vt 0.0976885 0.1138866
vt 0.09716604 0.1141438
vt 0.09621686 0.1130399
vt -0.1114636 0.1097663
vt -0.1127703 0.1104082
vt -0.1129271 0.1098474
vt -0.1118117 0.1092994
vt -0.1256011 0.1158818
vt -0.1268116 0.1161628
vt -0.126905 0.115588
vt -0.1257705 0.1153246
vt -0.1285357 0.1229212
vt -0.1296813 0.1231311
vt -0.1298244 0.1225666
vt -0.1286021 0.1223426
vt -0.1296844 0.112564
vt -0.130905 0.1127978
vt -0.1311174 0.1122556
vt -0.1296875 0.1119816
vt -0.1291219 0.08918068
vt -0.1305234 0.08957478
vt -0.1308161 0.08907139
vt -0.1291343 0.08859847
vt -0.08072111 0.1400229
vt -0.08079246 0.1417685
vt -0.08136179 0.1418909
vt -0.08127854 0.1398545
vt 0.04980114 0.1692907
vt 0.05141227 0.1705391
vt 0.05114585 0.1710569
vt 0.04936623 0.1696779
vt 0.08837487 0.152801
vt 0.090431 0.1537181
vt 0.09022996 0.1542646
vt 0.08810257 0.1533158
vt 0.1057525 0.1234795
vt 0.1079279 0.1243123
vt 0.1076837 0.124841
vt 0.1055812 0.124036
vt 0.1189239 0.08518715
vt 0.1209908 0.08607966
vt 0.120666 0.08656301
vt 0.1187948 0.085755
vt 0.1307381 0.06336658
vt 0.132389 0.06456189
vt 0.1319404 0.06493323
vt 0.1305253 0.06390868
vt 0.08132203 0.1399984
vt 0.08139338 0.141744
vt 0.08082405 0.1416215
vt 0.08076459 0.1401669
vt -0.04963529 0.1699801
vt -0.0507861 0.1708718
vt -0.05105251 0.170354
vt -0.0500702 0.1695928
vt -0.08858393 0.1535704
vt -0.08971887 0.1540766
vt -0.08991991 0.1535301
vt -0.08885623 0.1530557
vt -0.1061016 0.1241963
vt -0.1071893 0.1246127
vt -0.1074335 0.124084
vt -0.106273 0.1236397
vt -0.1191893 0.08584465
vt -0.1203302 0.08633731
vt -0.120655 0.08585396
vt -0.1193184 0.0852768
vt -0.1306653 0.06396361
vt -0.1318445 0.06481741
vt -0.1322931 0.06444608
vt -0.130878 0.06342152
vt -0.1016179 0.1320248
vt -0.1024474 0.1308794
vt -0.1009669 0.1315335
vt -0.1023723 0.1316915
vt 0.0960777 0.107879
vt 0.09723651 0.1086897
vt 0.09450389 0.10998
vt 0.09461414 0.1085701
vt 0.1035759 0.1316963
vt 0.1027464 0.1328416
vt 0.1022171 0.1330755
vt 0.1008117 0.1329175
vt 0.09643282 0.1098419
vt 0.09527402 0.1090312
vt 0.09601979 0.1086791
vt 0.09590952 0.110089
vt -0.07734592 0.1168125
vt -0.07593247 0.1167665
vt -0.07588649 0.11818
vt -0.07729994 0.118226
vt -0.09162002 0.1183363
vt -0.09240709 0.1171614
vt -0.09123211 0.1163743
vt -0.09044506 0.1175493
vt -0.07417978 0.1430759
vt -0.07284175 0.142618
vt -0.07273785 0.1438541
vt -0.07413471 0.144075
vt -0.09125033 0.1458444
vt -0.09071255 0.1471523
vt -0.09202007 0.1476208
vt -0.09241777 0.1462636
vt 0.07280372 0.1425085
vt 0.07414149 0.1429672
vt 0.07405959 0.1441119
vt 0.07266285 0.1438902
vt 0.09363158 0.1482899
vt 0.09416991 0.1469822
vt 0.0951102 0.1473225
vt 0.09471111 0.1486791
vt -0.08285442 0.1698782
vt -0.08144449 0.1697681
vt -0.08072589 0.1706639
vt -0.08213618 0.1707692
vt -0.01806489 0.1193562
vt -0.01779336 0.1207441
vt -0.01874732 0.1213827
vt -0.01901934 0.1199949
vt 0.08139717 0.1704413
vt 0.08280709 0.1705513
vt 0.08208891 0.1714418
vt 0.08067862 0.1713366
vt 0.01655662 0.1204748
vt 0.01682721 0.1190867
vt 0.01777788 0.119724
vt 0.0175068 0.121112
vt -0.01759378 0.1352343
vt -0.01645614 0.1343942
vt -0.01551701 0.1349829
vt -0.01666479 0.1358091
vt -0.05201366 0.1311689
vt -0.05167041 0.1325409
vt -0.05280568 0.1326017
vt -0.05312071 0.131223
vt 0.02131239 0.1341053
vt 0.02248147 0.134901
vt 0.02155817 0.1355365
vt 0.02037948 0.1347551
vt 0.0504956 0.1321876
vt 0.05083761 0.1308154
vt 0.0519289 0.1308648
vt 0.05161505 0.1322437
vt 0.1225159 -0.01001919
vt 0.12138 -0.0108616
vt 0.1223276 -0.01175332
vt 0.1234549 -0.01089936
vt -0.1040865 0.1491886
vt -0.1037147 0.1505531
vt -0.1050284 0.150488
vt -0.1053859 0.1491198
vt -0.1217059 -0.007476239
vt -0.1228173 -0.006601768
vt -0.1237899 -0.00746596
vt -0.1226874 -0.008351741
vt 0.1041124 0.1506597
vt 0.1044843 0.1492952
vt 0.1057692 0.1492225
vt 0.1054117 0.1505908
vt 0.09703629 -0.03179846
vt 0.09563797 -0.03200992
vt 0.09611233 -0.03302424
vt 0.09750901 -0.03280221
vt -0.1141332 0.1508584
vt -0.1137792 0.1522276
vt -0.1148747 0.1519337
vt -0.1152126 0.1505604
vt -0.09587681 -0.03225507
vt -0.09727422 -0.03203771
vt -0.09775355 -0.03305429
vt -0.09635784 -0.03328227
vt 0.1144264 0.1523697
vt 0.1147803 0.1510005
vt 0.1158482 0.1506995
vt 0.1155104 0.1520728
vt 0.09132653 -0.005651643
vt 0.089918 -0.005778185
vt 0.09065255 -0.006748132
vt 0.09206057 -0.006615877
vt -0.1254935 0.1485108
vt -0.1251943 0.149893
vt -0.1263237 0.1494295
vt -0.126618 0.1480462
vt -0.08990334 -0.005509431
vt -0.09131178 -0.005381875
vt -0.09204697 -0.006350475
vt -0.09063905 -0.006483765
vt 0.1261114 0.1499996
vt 0.1264099 0.1486172
vt 0.1275283 0.1481507
vt 0.1272349 0.1495342
vt -0.06178077 0.1385679
vt -0.06040105 0.1382575
vt -0.05996064 0.1392994
vt -0.0613438 0.1395942
vt -0.07991854 0.1397095
vt -0.0796046 0.1410884
vt -0.08071727 0.1412931
vt -0.08103108 0.1399141
vt 0.06041459 0.1381984
vt 0.06179431 0.1385088
vt 0.06135731 0.1395352
vt 0.05997416 0.1392405
vt 0.07910225 0.14095
vt 0.0794159 0.139571
vt 0.08051309 0.1397718
vt 0.08019958 0.1411509
vt 0.08909697 -0.001694702
vt 0.08768671 -0.001800405
vt 0.08777305 -0.002916049
vt 0.08918288 -0.002804724
vt -0.09804162 0.1453268
vt -0.09771172 0.146702
vt -0.09867665 0.1461261
vt -0.09900014 0.1447494
vt -0.08766686 -0.001486661
vt -0.08907707 -0.001380231
vt -0.08916391 -0.002494891
vt -0.08775415 -0.002606966
vt 0.09771673 0.1467033
vt 0.09804664 0.145328
vt 0.09899746 0.1447488
vt 0.09867396 0.1461256
vt 0.08727057 0.007834181
vt 0.08585907 0.007746705
vt 0.08548906 0.006687079
vt 0.08689985 0.006785446
vt -0.04303864 0.1283849
vt -0.04278931 0.1297769
vt -0.04374615 0.1291671
vt -0.04397907 0.1277722
vt -0.08594388 0.00644546
vt -0.08735526 0.006534738
vt -0.08698683 0.005472398
vt -0.08557619 0.005372062
vt 0.04077704 0.1293291
vt 0.04102411 0.1279366
vt 0.04195002 0.1273202
vt 0.04171925 0.1287154
vt 0.08964006 -0.03113573
vt 0.08823229 -0.03127069
vt 0.08766795 -0.03220891
vt 0.08907536 -0.03207045
vt -0.02273811 0.1234215
vt -0.02254327 0.1248222
vt -0.02357441 0.1244648
vt -0.02377317 0.1230646
vt -0.08807266 -0.02995005
vt -0.08948053 -0.02981623
vt -0.08891465 -0.03074613
vt -0.08750711 -0.03088343
vt 0.0212282 0.1246176
vt 0.02142232 0.1232168
vt 0.02245407 0.1228589
vt 0.02225604 0.1242592
vt 0.08274702 0.05263425
vt 0.0813342 0.05257152
vt 0.08103811 0.05151481
vt 0.08245079 0.05158048
vt -0.03617622 0.1256441
vt -0.03595435 0.1270408
vt -0.03667023 0.1262072
vt -0.0368895 0.1248101
vt -0.08129299 0.05336741
vt -0.0827058 0.05343028
vt -0.08240974 0.05237504
vt -0.08099706 0.05230922
vt 0.03425111 0.1267115
vt 0.03447142 0.1253145
vt 0.03517849 0.1244789
vt 0.03496078 0.1258763
vt 0.081241 0.07123089
vt 0.0798279 0.07117496
vt 0.07958837 0.07005574
vt 0.08100137 0.0701141
vt -0.03524164 0.1245867
vt -0.03502534 0.1259843
vt -0.03564541 0.1250216
vt -0.03586052 0.1236239
vt -0.07978028 0.07229878
vt -0.08119337 0.07235476
vt -0.0809538 0.07123746
vt -0.0795408 0.07117905
vt 0.032942 0.1255804
vt 0.0331561 0.1241825
vt 0.03376771 0.1232178
vt 0.0335548 0.1246159
vt 0.07979822 0.08862763
vt 0.07838493 0.08857707
vt 0.07805334 0.08744584
vt 0.07946657 0.08749846
vt 0.005561095 0.1169544
vt 0.005694172 0.1183623
vt 0.005145903 0.1173179
vt 0.005014987 0.1159097
vt -0.07834877 0.08943165
vt -0.07976207 0.08948229
vt -0.07943051 0.08835226
vt -0.07801729 0.08829954
vt -0.009229234 0.1180251
vt -0.009101275 0.1166167
vt -0.008564095 0.1155696
vt -0.008689951 0.1169782
vt 0.07885425 0.09773101
vt 0.0774409 0.09768181
vt 0.07736944 0.09642934
vt 0.0787828 0.0964784
vt -0.05087898 0.1264126
vt -0.05064237 0.1278069
vt -0.05106663 0.1266259
vt -0.05130116 0.1252312
vt -0.07739989 0.09879079
vt -0.07881324 0.09884002
vt -0.07874183 0.09758703
vt -0.07732848 0.09753794
vt 0.05017329 0.1277489
vt 0.05041031 0.1263547
vt 0.05083361 0.1251736
vt 0.05059866 0.1265682
vt 0.07829601 0.1095138
vt 0.07688259 0.1094667
vt 0.07633354 0.1083363
vt 0.07774694 0.1083837
vt 0.06297897 0.115598
vt 0.06297024 0.1170122
vt 0.06238617 0.1158992
vt 0.06239528 0.114485
vt -0.07684563 0.1104884
vt -0.07825906 0.1105355
vt -0.07771003 0.1094052
vt -0.07629663 0.1093577
vt -0.06527936 0.1171396
vt -0.06529051 0.1157255
vt -0.06470925 0.1146115
vt -0.06469774 0.1160257
vt -0.07748991 0.0826532
vt -0.07607659 0.08260317
vt -0.07670538 0.08353587
vt -0.07811872 0.0835854
vt 0.03767463 0.1135551
vt 0.03762395 0.1121418
vt 0.03835088 0.1129999
vt 0.03840204 0.1144132
vt 0.07611822 0.08148329
vt 0.07753154 0.08153328
vt 0.07816039 0.0824651
vt 0.07674705 0.08241561
vt -0.03931937 0.1121016
vt -0.03936922 0.1135149
vt -0.04009549 0.1143734
vt -0.04004517 0.1129601
vt 0.07729988 0.118226
vt 0.07588643 0.11818
vt 0.07593241 0.1167665
vt 0.07734586 0.1168125
vt -0.08391502 0.1290393
vt -0.08259374 0.1295435
vt -0.08309794 0.1308648
vt -0.08441922 0.1303606
vt 0.07802936 0.05179962
vt 0.07661617 0.05174633
vt 0.07618265 0.05073302
vt 0.07759575 0.0507888
vt -0.01467552 0.1158654
vt -0.01451224 0.1172702
vt -0.01523755 0.1164415
vt -0.01540243 0.1150369
vt -0.07655518 0.05340923
vt -0.07796838 0.05346243
vt -0.07753465 0.05245264
vt -0.07612155 0.05239694
vt 0.01248027 0.1169978
vt 0.01264167 0.1155928
vt 0.0133635 0.1147629
vt 0.01320052 0.1161676
vt 0.07624341 0.06847025
vt 0.07482997 0.06842413
vt 0.07414669 0.06754115
vt 0.07555997 0.06759162
vt 0.02916151 0.1114021
vt 0.02923138 0.1128146
vt 0.02842736 0.1120375
vt 0.02835998 0.1106249
vt -0.07481626 0.06853135
vt -0.07622969 0.06857763
vt -0.07554647 0.06769679
vt -0.07413319 0.06764606
vt -0.03279688 0.112742
vt -0.03273222 0.1113293
vt -0.03193844 0.1105489
vt -0.03200072 0.1119617
vt -0.07417949 0.1002363
vt -0.07276593 0.100194
vt -0.07317074 0.1009228
vt -0.07388185 0.09970043
vt 0.05281606 0.1118487
vt 0.05282558 0.1132629
vt 0.05199452 0.1119142
vt 0.05325343 0.1125585
vt -0.07272585 0.1016058
vt -0.07413942 0.1016482
vt -0.07266778 0.09899847
vt -0.07195666 0.1002209
vt -0.05421876 0.1132516
vt -0.05420923 0.1118374
vt -0.05388765 0.1113155
vt -0.05262874 0.1106711
vt 0.1170735 0.1424432
vt 0.1162711 0.1436067
vt 0.1156162 0.1428327
vt 0.1163565 0.1416288
vt -0.009550618 0.1909905
vt -0.01072207 0.1901994
vt -0.01085317 0.1890621
vt -0.009802957 0.1900082
vt -0.121952 0.144557
vt -0.1227453 0.1433871
vt -0.1218914 0.1425017
vt -0.1211723 0.1437186
vt 0.0170422 0.1895154
vt 0.01589688 0.1903441
vt 0.01604405 0.1892686
vt 0.01705969 0.1882853
vt 0.08185191 0.1202611
vt 0.0811277 0.1214758
vt 0.07926335 0.119266
vt 0.08058263 0.1187566
vt 0.05827009 0.141713
vt 0.05703608 0.1410222
vt 0.05688586 0.1408495
vt 0.05637242 0.1395318
vt 0.07991831 0.1207549
vt 0.08064251 0.1195402
vt 0.08109 0.1200706
vt 0.07977073 0.12058
vt -0.05770249 0.139829
vt -0.0589365 0.1405198
vt -0.05764454 0.1390348
vt -0.05815798 0.1403525
vt -0.07618074 0.1182715
vt -0.07702257 0.1176689
vt -0.07469431 0.1144164
vt -0.07385247 0.1150189
vt -0.02629556 0.1548892
vt -0.02713094 0.1542777
vt -0.02476824 0.15105
vt -0.02393286 0.1516615
vt 0.03272551 0.178572
vt 0.03181919 0.1780716
vt 0.03375244 0.1745698
vt 0.03465877 0.1750702
vt 0.09511212 0.1653264
vt 0.09410191 0.1650999
vt 0.09497699 0.1611968
vt 0.09598719 0.1614233
vt 0.1298565 0.1211215
vt 0.1288349 0.1212888
vt 0.1281885 0.1173414
vt 0.1292102 0.1171741
vt 0.116427 0.09846971
vt 0.1155039 0.09893847
vt 0.1136927 0.09537198
vt 0.1146158 0.09490323
vt 0.07702254 0.1176689
vt 0.07618071 0.1182715
vt 0.07385246 0.115019
vt 0.07469428 0.1144164
vt 0.02713094 0.1542777
vt 0.02629556 0.1548892
vt 0.02393286 0.1516615
vt 0.02476824 0.15105
vt -0.03181918 0.1780716
vt -0.03272552 0.178572
vt -0.03465876 0.1750702
vt -0.03375244 0.1745698
vt -0.09410192 0.1650999
vt -0.09511212 0.1653264
vt -0.0959872 0.1614232
vt -0.094977 0.1611968
vt -0.1288349 0.1212889
vt -0.1298565 0.1211216
vt -0.1292102 0.1171741
vt -0.1281885 0.1173414
vt -0.1155039 0.09893847
vt -0.1164269 0.09846972
vt -0.1146158 0.09490323
vt -0.1136927 0.09537199
vt 0.1216074 0.04625444
vt 0.120597 0.04648044
vt 0.1196091 0.046171
vt 0.1189082 0.04540905
vt 0.1186822 0.04439874
vt 0.1189917 0.04341079
vt 0.1197536 0.04270991
vt 0.1207639 0.04248392
vt 0.1217519 0.04279336
vt 0.1224528 0.04355531
vt 0.1226787 0.04456562
vt 0.1223693 0.04555357
vt -0.1223693 0.04555357
vt -0.1226788 0.04456563
vt -0.1224528 0.04355531
vt -0.1217519 0.04279336
vt -0.1207639 0.04248392
vt -0.1197536 0.04270992
vt -0.1189917 0.04341079
vt -0.1186822 0.04439874
vt -0.1189082 0.04540905
vt -0.1196091 0.046171
vt -0.120597 0.04648044
vt -0.1216074 0.04625445
o group594810787
g mesh594810787
usemtl mat24
f 4/4/1 3/3/1 2/2/1 1/1/1
f 8/8/2 7/7/2 6/6/2 5/5/2
f 10/12/3 9/11/3 5/10/3 1/9/3
f 14/16/4 13/15/4 12/14/4 11/13/4
f 16/20/5 15/19/5 11/18/5 1/17/5
f 12/24/6 18/23/6 17/22/6 2/21/6
f 15/28/7 19/27/7 6/26/7 11/25/7
f 19/32/8 20/31/8 5/30/8 6/29/8
f 20/36/9 16/35/9 1/34/9 5/33/9
f 20/40/10 19/39/10 15/38/10 16/37/10
f 13/44/11 21/43/11 18/42/11 12/41/11
f 21/48/12 22/47/12 6/46/12 18/45/12
f 22/52/13 14/51/13 11/50/13 6/49/13
f 24/56/14 23/55/14 13/54/14 14/53/14
f 23/60/15 25/59/15 21/58/15 13/57/15
f 25/64/16 26/63/16 22/62/16 21/61/16
f 26/68/17 24/67/17 14/66/17 22/65/17
f 26/72/18 25/71/18 23/70/18 24/69/18
f 7/76/19 27/75/19 18/74/19 6/73/19
f 27/80/20 28/79/20 17/78/20 18/77/20
f 28/84/21 8/83/21 5/82/21 17/81/21
f 28/88/22 27/87/22 7/86/22 8/85/22
f 3/92/23 29/91/23 12/90/23 2/89/23
f 29/96/24 30/95/24 11/94/24 12/93/24
f 30/100/25 4/99/25 1/98/25 11/97/25
f 30/104/26 29/103/26 3/102/26 4/101/26
f 9/108/27 31/107/27 17/106/27 5/105/27
f 31/112/28 32/111/28 2/110/28 17/109/28
f 32/116/29 10/115/29 1/114/29 2/113/29
f 32/120/30 31/119/30 9/118/30 10/117/30
o group1988549984
g mesh1988549984
usemtl mat21
f 36/124/31 35/123/31 34/122/31 33/121/31
f 40/128/32 39/127/32 38/126/32 37/125/32
f 34/132/33 40/131/33 37/130/33 33/129/33
f 38/136/34 39/135/34 35/134/34 36/133/34
f 42/140/35 41/139/35 36/138/35 33/137/35
f 35/144/36 39/143/36 40/142/36 34/141/36
f 41/148/37 43/147/37 38/146/37 36/145/37
f 45/152/38 44/151/38 37/150/38 38/149/38
f 46/156/39 42/155/39 33/154/39 37/153/39
f 46/160/40 43/159/40 41/158/40 42/157/40
f 44/164/41 47/163/41 46/162/41 37/161/41
f 49/168/42 48/167/42 43/166/42 46/165/42
f 50/172/43 45/171/43 38/170/43 43/169/43
f 52/176/44 51/175/44 44/174/44 45/173/44
f 54/180/45 53/179/45 47/178/45 44/177/45
f 53/184/46 55/183/46 50/182/46 47/181/46
f 55/188/47 56/187/47 45/186/47 50/185/47
f 55/192/48 53/191/48 54/190/48 56/189/48
f 51/196/49 57/195/49 54/194/49 44/193/49
f 57/200/50 58/199/50 56/198/50 54/197/50
f 58/204/51 52/203/51 45/202/51 56/201/51
f 60/208/52 59/207/52 51/206/52 52/205/52
f 62/212/53 61/211/53 57/210/53 51/209/53
f 61/216/54 63/215/54 58/214/54 57/213/54
f 63/220/55 64/219/55 52/218/55 58/217/55
f 63/224/56 61/223/56 62/222/56 64/221/56
f 59/228/57 40/227/57 62/226/57 51/225/57
f 40/232/58 39/231/58 64/230/58 62/229/58
f 39/236/59 60/235/59 52/234/59 64/233/59
f 39/240/60 40/239/60 59/238/60 60/237/60
f 48/244/61 65/243/61 50/242/61 43/241/61
f 65/248/62 66/247/62 47/246/62 50/245/62
f 66/252/63 49/251/63 46/250/63 47/249/63
f 66/256/64 65/255/64 48/254/64 49/253/64
o group15369401
g mesh15369401
usemtl mat22
f 70/260/65 69/259/65 68/258/65 67/257/65
f 74/264/66 73/263/66 72/262/66 71/261/66
f 68/268/67 74/267/67 71/266/67 67/265/67
f 72/272/68 73/271/68 69/270/68 70/269/68
f 71/276/69 72/275/69 70/274/69 67/273/69
f 69/280/70 73/279/70 74/278/70 68/277/70
o group345401935
g mesh345401935
usemtl mat22
f 78/284/71 77/283/71 76/282/71 75/281/71
f 82/288/72 81/287/72 80/286/72 79/285/72
f 76/292/73 82/291/73 79/290/73 75/289/73
f 80/296/74 81/295/74 77/294/74 78/293/74
f 79/300/75 80/299/75 78/298/75 75/297/75
f 77/304/76 81/303/76 82/302/76 76/301/76
o group390009
g mesh390009
usemtl mat22
f 86/308/77 85/307/77 84/306/77 83/305/77
f 90/312/78 89/311/78 88/310/78 87/309/78
f 84/316/79 90/315/79 87/314/79 83/313/79
f 88/320/80 89/319/80 85/318/80 86/317/80
f 87/324/81 88/323/81 86/322/81 83/321/81
f 85/328/82 89/327/82 90/326/82 84/325/82
o group1014271698
g mesh1014271698
usemtl mat22
f 94/332/83 93/331/83 92/330/83 91/329/83
f 98/336/84 97/335/84 96/334/84 95/333/84
f 92/340/85 98/339/85 95/338/85 91/337/85
f 96/344/86 97/343/86 93/342/86 94/341/86
f 95/348/87 96/347/87 94/346/87 91/345/87
f 93/352/88 97/351/88 98/350/88 92/349/88
o group362149210
g mesh362149210
usemtl mat22
f 102/356/89 101/355/89 100/354/89 99/353/89
f 106/360/90 105/359/90 104/358/90 103/357/90
f 100/364/91 106/363/91 103/362/91 99/361/91
f 104/368/92 105/367/92 101/366/92 102/365/92
f 103/372/93 104/371/93 102/370/93 99/369/93
f 101/376/94 105/375/94 106/374/94 100/373/94
o group1095404214
g mesh1095404214
usemtl mat22
f 110/380/95 109/379/95 108/378/95 107/377/95
f 114/384/96 113/383/96 112/382/96 111/381/96
f 108/388/97 114/387/97 111/386/97 107/385/97
f 112/392/98 113/391/98 109/390/98 110/389/98
f 111/396/99 112/395/99 110/394/99 107/393/99
f 109/400/100 113/399/100 114/398/100 108/397/100
o group1723335834
g mesh1723335834
usemtl mat22
f 118/404/101 117/403/101 116/402/101 115/401/101
f 122/408/102 121/407/102 120/406/102 119/405/102
f 116/412/103 122/411/103 119/410/103 115/409/103
f 120/416/104 121/415/104 117/414/104 118/413/104
f 119/420/105 120/419/105 118/418/105 115/417/105
f 117/424/106 121/423/106 122/422/106 116/421/106
o group265236952
g mesh265236952
usemtl mat21
f 126/428/107 125/427/107 124/426/107 123/425/107
f 128/432/108 127/431/108 125/430/108 126/429/108
f 130/436/109 129/435/109 127/434/109 128/433/109
f 132/440/110 131/439/110 129/438/110 130/437/110
f 134/444/111 133/443/111 131/442/111 132/441/111
f 136/448/112 135/447/112 133/446/112 134/445/112
f 138/452/113 137/451/113 135/450/113 136/449/113
f 140/456/114 139/455/114 137/454/114 138/453/114
f 142/460/115 141/459/115 139/458/115 140/457/115
f 144/464/116 143/463/116 141/462/116 142/461/116
f 146/468/117 145/467/117 143/466/117 144/465/117
f 123/472/118 124/471/118 145/470/118 146/469/118
f 125/476/119 148/475/119 147/474/119 124/473/119
f 127/480/120 149/479/120 148/478/120 125/477/120
f 129/484/121 150/483/121 149/482/121 127/481/121
f 131/488/122 151/487/122 150/486/122 129/485/122
f 133/492/123 152/491/123 151/490/123 131/489/123
f 135/496/124 153/495/124 152/494/124 133/493/124
f 137/500/125 154/499/125 153/498/125 135/497/125
f 139/504/126 155/503/126 154/502/126 137/501/126
f 141/508/127 156/507/127 155/506/127 139/505/127
f 143/512/128 157/511/128 156/510/128 141/509/128
f 145/516/129 158/515/129 157/514/129 143/513/129
f 124/520/130 147/519/130 158/518/130 145/517/130
f 148/524/131 160/523/131 159/522/131 147/521/131
f 149/528/132 161/527/132 160/526/132 148/525/132
f 150/532/133 162/531/133 161/530/133 149/529/133
f 151/536/134 163/535/134 162/534/134 150/533/134
f 152/540/135 164/539/135 163/538/135 151/537/135
f 153/544/136 165/543/136 164/542/136 152/541/136
f 154/548/137 166/547/137 165/546/137 153/545/137
f 155/552/138 167/551/138 166/550/138 154/549/138
f 156/556/139 168/555/139 167/554/139 155/553/139
f 157/560/140 169/559/140 168/558/140 156/557/140
f 158/564/141 170/563/141 169/562/141 157/561/141
f 147/568/142 159/567/142 170/566/142 158/565/142
f 160/572/143 172/571/143 171/570/143 159/569/143
f 161/576/144 173/575/144 172/574/144 160/573/144
f 162/580/145 174/579/145 173/578/145 161/577/145
f 163/584/146 175/583/146 174/582/146 162/581/146
f 164/588/147 176/587/147 175/586/147 163/585/147
f 165/592/148 177/591/148 176/590/148 164/589/148
f 166/596/149 178/595/149 177/594/149 165/593/149
f 167/600/150 179/599/150 178/598/150 166/597/150
f 168/604/151 180/603/151 179/602/151 167/601/151
f 169/608/152 181/607/152 180/606/152 168/605/152
f 170/612/153 182/611/153 181/610/153 169/609/153
f 159/616/154 171/615/154 182/614/154 170/613/154
f 172/620/155 184/619/155 183/618/155 171/617/155
f 173/624/156 185/623/156 184/622/156 172/621/156
f 174/628/157 186/627/157 185/626/157 173/625/157
f 175/632/158 187/631/158 186/630/158 174/629/158
f 176/636/159 188/635/159 187/634/159 175/633/159
f 177/640/160 189/639/160 188/638/160 176/637/160
f 178/644/161 190/643/161 189/642/161 177/641/161
f 179/648/162 191/647/162 190/646/162 178/645/162
f 180/652/163 192/651/163 191/650/163 179/649/163
f 181/656/164 193/655/164 192/654/164 180/653/164
f 182/660/165 194/659/165 193/658/165 181/657/165
f 171/664/166 183/663/166 194/662/166 182/661/166
f 184/668/167 196/667/167 195/666/167 183/665/167
f 185/672/168 197/671/168 196/670/168 184/669/168
f 186/676/169 198/675/169 197/674/169 185/673/169
f 187/680/170 199/679/170 198/678/170 186/677/170
f 188/684/171 200/683/171 199/682/171 187/681/171
f 189/688/172 201/687/172 200/686/172 188/685/172
f 190/692/173 202/691/173 201/690/173 189/689/173
f 191/696/174 203/695/174 202/694/174 190/693/174
f 192/700/175 204/699/175 203/698/175 191/697/175
f 193/704/176 205/703/176 204/702/176 192/701/176
f 194/708/177 206/707/177 205/706/177 193/705/177
f 183/712/178 195/711/178 206/710/178 194/709/178
f 196/716/179 208/715/179 207/714/179 195/713/179
f 197/720/180 209/719/180 208/718/180 196/717/180
f 198/724/181 210/723/181 209/722/181 197/721/181
f 199/728/182 211/727/182 210/726/182 198/725/182
f 200/732/183 212/731/183 211/730/183 199/729/183
f 201/736/184 213/735/184 212/734/184 200/733/184
f 202/740/185 214/739/185 213/738/185 201/737/185
f 203/744/186 215/743/186 214/742/186 202/741/186
f 204/748/187 216/747/187 215/746/187 203/745/187
f 205/752/188 217/751/188 216/750/188 204/749/188
f 206/756/189 218/755/189 217/754/189 205/753/189
f 195/760/190 207/759/190 218/758/190 206/757/190
f 208/764/191 220/763/191 219/762/191 207/761/191
f 209/768/192 221/767/192 220/766/192 208/765/192
f 210/772/193 222/771/193 221/770/193 209/769/193
f 211/776/194 223/775/194 222/774/194 210/773/194
f 212/780/195 224/779/195 223/778/195 211/777/195
f 213/784/196 225/783/196 224/782/196 212/781/196
f 214/788/197 226/787/197 225/786/197 213/785/197
f 215/792/198 227/791/198 226/790/198 214/789/198
f 216/796/199 228/795/199 227/794/199 215/793/199
f 217/800/200 229/799/200 228/798/200 216/797/200
f 218/804/201 230/803/201 229/802/201 217/801/201
f 207/808/202 219/807/202 230/806/202 218/805/202
f 220/812/203 232/811/203 231/810/203 219/809/203
f 221/816/204 233/815/204 232/814/204 220/813/204
f 222/820/205 234/819/205 233/818/205 221/817/205
f 223/824/206 235/823/206 234/822/206 222/821/206
f 224/828/207 236/827/207 235/826/207 223/825/207
f 225/832/208 237/831/208 236/830/208 224/829/208
f 226/836/209 238/835/209 237/834/209 225/833/209
f 227/840/210 239/839/210 238/838/210 226/837/210
f 228/844/211 240/843/211 239/842/211 227/841/211
f 229/848/212 241/847/212 240/846/212 228/845/212
f 230/852/213 242/851/213 241/850/213 229/849/213
f 219/856/214 231/855/214 242/854/214 230/853/214
f 232/860/215 244/859/215 243/858/215 231/857/215
f 233/864/216 245/863/216 244/862/216 232/861/216
f 234/868/217 246/867/217 245/866/217 233/865/217
f 235/872/218 247/871/218 246/870/218 234/869/218
f 236/876/219 248/875/219 247/874/219 235/873/219
f 237/880/220 249/879/220 248/878/220 236/877/220
f 238/884/221 250/883/221 249/882/221 237/881/221
f 239/888/222 251/887/222 250/886/222 238/885/222
f 240/892/223 252/891/223 251/890/223 239/889/223
f 241/896/224 253/895/224 252/894/224 240/893/224
f 242/900/225 254/899/225 253/898/225 241/897/225
f 231/904/226 243/903/226 254/902/226 242/901/226
f 244/908/227 256/907/227 255/906/227 243/905/227
f 245/912/228 257/911/228 256/910/228 244/909/228
f 246/916/229 258/915/229 257/914/229 245/913/229
f 247/920/230 259/919/230 258/918/230 246/917/230
f 248/924/231 260/923/231 259/922/231 247/921/231
f 249/928/232 261/927/232 260/926/232 248/925/232
f 250/932/233 262/931/233 261/930/233 249/929/233
f 251/936/234 263/935/234 262/934/234 250/933/234
f 252/940/235 264/939/235 263/938/235 251/937/235
f 253/944/236 265/943/236 264/942/236 252/941/236
f 254/948/237 266/947/237 265/946/237 253/945/237
f 243/952/238 255/951/238 266/950/238 254/949/238
f 256/956/239 126/955/239 123/954/239 255/953/239
f 257/960/240 128/959/240 126/958/240 256/957/240
f 258/964/241 130/963/241 128/962/241 257/961/241
f 259/968/242 132/967/242 130/966/242 258/965/242
f 260/972/243 134/971/243 132/970/243 259/969/243
f 261/976/244 136/975/244 134/974/244 260/973/244
f 262/980/245 138/979/245 136/978/245 261/977/245
f 263/984/246 140/983/246 138/982/246 262/981/246
f 264/988/247 142/987/247 140/986/247 263/985/247
f 265/992/248 144/991/248 142/990/248 264/989/248
f 266/996/249 146/995/249 144/994/249 265/993/249
f 255/1000/250 123/999/250 146/998/250 266/997/250
o group62646537
g mesh62646537
usemtl mat21
f 270/1004/251 269/1003/251 268/1002/251 267/1001/251
f 272/1008/252 271/1007/252 269/1006/252 270/1005/252
f 274/1012/253 273/1011/253 271/1010/253 272/1009/253
f 276/1016/254 275/1015/254 273/1014/254 274/1013/254
f 278/1020/255 277/1019/255 275/1018/255 276/1017/255
f 280/1024/256 279/1023/256 277/1022/256 278/1021/256
f 282/1028/257 281/1027/257 279/1026/257 280/1025/257
f 284/1032/258 283/1031/258 281/1030/258 282/1029/258
f 286/1036/259 285/1035/259 283/1034/259 284/1033/259
f 288/1040/260 287/1039/260 285/1038/260 286/1037/260
f 290/1044/261 289/1043/261 287/1042/261 288/1041/261
f 267/1048/262 268/1047/262 289/1046/262 290/1045/262
f 269/1052/263 292/1051/263 291/1050/263 268/1049/263
f 271/1056/264 293/1055/264 292/1054/264 269/1053/264
f 273/1060/265 294/1059/265 293/1058/265 271/1057/265
f 275/1064/266 295/1063/266 294/1062/266 273/1061/266
f 277/1068/267 296/1067/267 295/1066/267 275/1065/267
f 279/1072/268 297/1071/268 296/1070/268 277/1069/268
f 281/1076/269 298/1075/269 297/1074/269 279/1073/269
f 283/1080/270 299/1079/270 298/1078/270 281/1077/270
f 285/1084/271 300/1083/271 299/1082/271 283/1081/271
f 287/1088/272 301/1087/272 300/1086/272 285/1085/272
f 289/1092/273 302/1091/273 301/1090/273 287/1089/273
f 268/1096/274 291/1095/274 302/1094/274 289/1093/274
f 292/1100/275 304/1099/275 303/1098/275 291/1097/275
f 293/1104/276 305/1103/276 304/1102/276 292/1101/276
f 294/1108/277 306/1107/277 305/1106/277 293/1105/277
f 295/1112/278 307/1111/278 306/1110/278 294/1109/278
f 296/1116/279 308/1115/279 307/1114/279 295/1113/279
f 297/1120/280 309/1119/280 308/1118/280 296/1117/280
f 298/1124/281 310/1123/281 309/1122/281 297/1121/281
f 299/1128/282 311/1127/282 310/1126/282 298/1125/282
f 300/1132/283 312/1131/283 311/1130/283 299/1129/283
f 301/1136/284 313/1135/284 312/1134/284 300/1133/284
f 302/1140/285 314/1139/285 313/1138/285 301/1137/285
f 291/1144/286 303/1143/286 314/1142/286 302/1141/286
f 304/1148/287 316/1147/287 315/1146/287 303/1145/287
f 305/1152/288 317/1151/288 316/1150/288 304/1149/288
f 306/1156/289 318/1155/289 317/1154/289 305/1153/289
f 307/1160/290 319/1159/290 318/1158/290 306/1157/290
f 308/1164/291 320/1163/291 319/1162/291 307/1161/291
f 309/1168/292 321/1167/292 320/1166/292 308/1165/292
f 310/1172/293 322/1171/293 321/1170/293 309/1169/293
f 311/1176/294 323/1175/294 322/1174/294 310/1173/294
f 312/1180/295 324/1179/295 323/1178/295 311/1177/295
f 313/1184/296 325/1183/296 324/1182/296 312/1181/296
f 314/1188/297 326/1187/297 325/1186/297 313/1185/297
f 303/1192/298 315/1191/298 326/1190/298 314/1189/298
f 316/1196/299 328/1195/299 327/1194/299 315/1193/299
f 317/1200/300 329/1199/300 328/1198/300 316/1197/300
f 318/1204/301 330/1203/301 329/1202/301 317/1201/301
f 319/1208/302 331/1207/302 330/1206/302 318/1205/302
f 320/1212/303 332/1211/303 331/1210/303 319/1209/303
f 321/1216/304 333/1215/304 332/1214/304 320/1213/304
f 322/1220/305 334/1219/305 333/1218/305 321/1217/305
f 323/1224/306 335/1223/306 334/1222/306 322/1221/306
f 324/1228/307 336/1227/307 335/1226/307 323/1225/307
f 325/1232/308 337/1231/308 336/1230/308 324/1229/308
f 326/1236/309 338/1235/309 337/1234/309 325/1233/309
f 315/1240/310 327/1239/310 338/1238/310 326/1237/310
f 328/1244/311 340/1243/311 339/1242/311 327/1241/311
f 329/1248/312 341/1247/312 340/1246/312 328/1245/312
f 330/1252/313 342/1251/313 341/1250/313 329/1249/313
f 331/1256/314 343/1255/314 342/1254/314 330/1253/314
f 332/1260/315 344/1259/315 343/1258/315 331/1257/315
f 333/1264/316 345/1263/316 344/1262/316 332/1261/316
f 334/1268/317 346/1267/317 345/1266/317 333/1265/317
f 335/1272/318 347/1271/318 346/1270/318 334/1269/318
f 336/1276/319 348/1275/319 347/1274/319 335/1273/319
f 337/1280/320 349/1279/320 348/1278/320 336/1277/320
f 338/1284/321 350/1283/321 349/1282/321 337/1281/321
f 327/1288/322 339/1287/322 350/1286/322 338/1285/322
f 340/1292/323 352/1291/323 351/1290/323 339/1289/323
f 341/1296/324 353/1295/324 352/1294/324 340/1293/324
f 342/1300/325 354/1299/325 353/1298/325 341/1297/325
f 343/1304/326 355/1303/326 354/1302/326 342/1301/326
f 344/1308/327 356/1307/327 355/1306/327 343/1305/327
f 345/1312/328 357/1311/328 356/1310/328 344/1309/328
f 346/1316/329 358/1315/329 357/1314/329 345/1313/329
f 347/1320/330 359/1319/330 358/1318/330 346/1317/330
f 348/1324/331 360/1323/331 359/1322/331 347/1321/331
f 349/1328/332 361/1327/332 360/1326/332 348/1325/332
f 350/1332/333 362/1331/333 361/1330/333 349/1329/333
f 339/1336/334 351/1335/334 362/1334/334 350/1333/334
f 352/1340/335 364/1339/335 363/1338/335 351/1337/335
f 353/1344/336 365/1343/336 364/1342/336 352/1341/336
f 354/1348/337 366/1347/337 365/1346/337 353/1345/337
f 355/1352/338 367/1351/338 366/1350/338 354/1349/338
f 356/1356/339 368/1355/339 367/1354/339 355/1353/339
f 357/1360/340 369/1359/340 368/1358/340 356/1357/340
f 358/1364/341 370/1363/341 369/1362/341 357/1361/341
f 359/1368/342 371/1367/342 370/1366/342 358/1365/342
f 360/1372/343 372/1371/343 371/1370/343 359/1369/343
f 361/1376/344 373/1375/344 372/1374/344 360/1373/344
f 362/1380/345 374/1379/345 373/1378/345 361/1377/345
f 351/1384/346 363/1383/346 374/1382/346 362/1381/346
f 364/1388/347 376/1387/347 375/1386/347 363/1385/347
f 365/1392/348 377/1391/348 376/1390/348 364/1389/348
f 366/1396/349 378/1395/349 377/1394/349 365/1393/349
f 367/1400/350 379/1399/350 378/1398/350 366/1397/350
f 368/1404/351 380/1403/351 379/1402/351 367/1401/351
f 369/1408/352 381/1407/352 380/1406/352 368/1405/352
f 370/1412/353 382/1411/353 381/1410/353 369/1409/353
f 371/1416/354 383/1415/354 382/1414/354 370/1413/354
f 372/1420/355 384/1419/355 383/1418/355 371/1417/355
f 373/1424/356 385/1423/356 384/1422/356 372/1421/356
f 374/1428/357 386/1427/357 385/1426/357 373/1425/357
f 363/1432/358 375/1431/358 386/1430/358 374/1429/358
f 376/1436/359 388/1435/359 387/1434/359 375/1433/359
f 377/1440/360 389/1439/360 388/1438/360 376/1437/360
f 378/1444/361 390/1443/361 389/1442/361 377/1441/361
f 379/1448/362 391/1447/362 390/1446/362 378/1445/362
f 380/1452/363 392/1451/363 391/1450/363 379/1449/363
f 381/1456/364 393/1455/364 392/1454/364 380/1453/364
f 382/1460/365 394/1459/365 393/1458/365 381/1457/365
f 383/1464/366 395/1463/366 394/1462/366 382/1461/366
f 384/1468/367 396/1467/367 395/1466/367 383/1465/367
f 385/1472/368 397/1471/368 396/1470/368 384/1469/368
f 386/1476/369 398/1475/369 397/1474/369 385/1473/369
f 375/1480/370 387/1479/370 398/1478/370 386/1477/370
f 388/1484/371 400/1483/371 399/1482/371 387/1481/371
f 389/1488/372 401/1487/372 400/1486/372 388/1485/372
f 390/1492/373 402/1491/373 401/1490/373 389/1489/373
f 391/1496/374 403/1495/374 402/1494/374 390/1493/374
f 392/1500/375 404/1499/375 403/1498/375 391/1497/375
f 393/1504/376 405/1503/376 404/1502/376 392/1501/376
f 394/1508/377 406/1507/377 405/1506/377 393/1505/377
f 395/1512/378 407/1511/378 406/1510/378 394/1509/378
f 396/1516/379 408/1515/379 407/1514/379 395/1513/379
f 397/1520/380 409/1519/380 408/1518/380 396/1517/380
f 398/1524/381 410/1523/381 409/1522/381 397/1521/381
f 387/1528/382 399/1527/382 410/1526/382 398/1525/382
f 400/1532/383 270/1531/383 267/1530/383 399/1529/383
f 401/1536/384 272/1535/384 270/1534/384 400/1533/384
f 402/1540/385 274/1539/385 272/1538/385 401/1537/385
f 403/1544/386 276/1543/386 274/1542/386 402/1541/386
f 404/1548/387 278/1547/387 276/1546/387 403/1545/387
f 405/1552/388 280/1551/388 278/1550/388 404/1549/388
f 406/1556/389 282/1555/389 280/1554/389 405/1553/389
f 407/1560/390 284/1559/390 282/1558/390 406/1557/390
f 408/1564/391 286/1563/391 284/1562/391 407/1561/391
f 409/1568/392 288/1567/392 286/1566/392 408/1565/392
f 410/1572/393 290/1571/393 288/1570/393 409/1569/393
f 399/1576/394 267/1575/394 290/1574/394 410/1573/394
o group715513862
g mesh715513862
usemtl mat25
f 414/1580/395 413/1579/395 412/1578/395 411/1577/395
f 413/1584/396 416/1583/396 415/1582/396 412/1581/396
f 416/1588/397 418/1587/397 417/1586/397 415/1585/397
f 418/1592/398 420/1591/398 419/1590/398 417/1589/398
f 420/1596/399 422/1595/399 421/1594/399 419/1593/399
f 422/1600/400 424/1599/400 423/1598/400 421/1597/400
f 424/1604/401 426/1603/401 425/1602/401 423/1601/401
f 426/1608/402 428/1607/402 427/1606/402 425/1605/402
f 428/1612/403 430/1611/403 429/1610/403 427/1609/403
f 430/1616/404 432/1615/404 431/1614/404 429/1613/404
f 432/1620/405 434/1619/405 433/1618/405 431/1617/405
f 434/1624/406 414/1623/406 411/1622/406 433/1621/406
f 435/1627/407 431/1626/407 433/1625/407
f 434/1639/408 432/1638/408 430/1637/408 428/1636/408 426/1635/408 424/1634/408 422/1633/408 420/1632/408 418/1631/408 416/1630/408 413/1629/408 414/1628/408
f 435/1642/409 429/1641/409 431/1640/409
f 435/1646/410 436/1645/410 427/1644/410 429/1643/410
f 436/1649/411 425/1648/411 427/1647/411
f 436/1652/412 423/1651/412 425/1650/412
f 436/1656/413 437/1655/413 421/1654/413 423/1653/413
f 437/1659/414 419/1658/414 421/1657/414
f 437/1662/415 417/1661/415 419/1660/415
f 437/1666/416 438/1665/416 415/1664/416 417/1663/416
f 438/1669/417 412/1668/417 415/1667/417
f 438/1672/418 411/1671/418 412/1670/418
f 438/1676/419 435/1675/419 433/1674/419 411/1673/419
f 438/1680/420 437/1679/420 436/1678/420 435/1677/420
o group587590517
g mesh587590517
usemtl mat21
f 442/1684/421 441/1683/421 440/1682/421 439/1681/421
f 444/1688/422 443/1687/422 441/1686/422 442/1685/422
f 446/1692/423 445/1691/423 443/1690/423 444/1689/423
f 448/1696/424 447/1695/424 445/1694/424 446/1693/424
f 450/1700/425 449/1699/425 447/1698/425 448/1697/425
f 452/1704/426 451/1703/426 449/1702/426 450/1701/426
f 454/1708/427 453/1707/427 451/1706/427 452/1705/427
f 456/1712/428 455/1711/428 453/1710/428 454/1709/428
f 458/1716/429 457/1715/429 455/1714/429 456/1713/429
f 460/1720/430 459/1719/430 457/1718/430 458/1717/430
f 462/1724/431 461/1723/431 459/1722/431 460/1721/431
f 439/1728/432 440/1727/432 461/1726/432 462/1725/432
f 441/1732/433 464/1731/433 463/1730/433 440/1729/433
f 443/1736/434 465/1735/434 464/1734/434 441/1733/434
f 445/1740/435 466/1739/435 465/1738/435 443/1737/435
f 447/1744/436 467/1743/436 466/1742/436 445/1741/436
f 449/1748/437 468/1747/437 467/1746/437 447/1745/437
f 451/1752/438 469/1751/438 468/1750/438 449/1749/438
f 453/1756/439 470/1755/439 469/1754/439 451/1753/439
f 455/1760/440 471/1759/440 470/1758/440 453/1757/440
f 457/1764/441 472/1763/441 471/1762/441 455/1761/441
f 459/1768/442 473/1767/442 472/1766/442 457/1765/442
f 461/1772/443 474/1771/443 473/1770/443 459/1769/443
f 440/1776/444 463/1775/444 474/1774/444 461/1773/444
f 464/1780/445 476/1779/445 475/1778/445 463/1777/445
f 465/1784/446 477/1783/446 476/1782/446 464/1781/446
f 466/1788/447 478/1787/447 477/1786/447 465/1785/447
f 467/1792/448 479/1791/448 478/1790/448 466/1789/448
f 468/1796/449 480/1795/449 479/1794/449 467/1793/449
f 469/1800/450 481/1799/450 480/1798/450 468/1797/450
f 470/1804/451 482/1803/451 481/1802/451 469/1801/451
f 471/1808/452 483/1807/452 482/1806/452 470/1805/452
f 472/1812/453 484/1811/453 483/1810/453 471/1809/453
f 473/1816/454 485/1815/454 484/1814/454 472/1813/454
f 474/1820/455 486/1819/455 485/1818/455 473/1817/455
f 463/1824/456 475/1823/456 486/1822/456 474/1821/456
f 476/1828/457 488/1827/457 487/1826/457 475/1825/457
f 477/1832/458 489/1831/458 488/1830/458 476/1829/458
f 478/1836/459 490/1835/459 489/1834/459 477/1833/459
f 479/1840/460 491/1839/460 490/1838/460 478/1837/460
f 480/1844/461 492/1843/461 491/1842/461 479/1841/461
f 481/1848/462 493/1847/462 492/1846/462 480/1845/462
f 482/1852/463 494/1851/463 493/1850/463 481/1849/463
f 483/1856/464 495/1855/464 494/1854/464 482/1853/464
f 484/1860/465 496/1859/465 495/1858/465 483/1857/465
f 485/1864/466 497/1863/466 496/1862/466 484/1861/466
f 486/1868/467 498/1867/467 497/1866/467 485/1865/467
f 475/1872/468 487/1871/468 498/1870/468 486/1869/468
f 488/1876/469 500/1875/469 499/1874/469 487/1873/469
f 489/1880/470 501/1879/470 500/1878/470 488/1877/470
f 490/1884/471 502/1883/471 501/1882/471 489/1881/471
f 491/1888/472 503/1887/472 502/1886/472 490/1885/472
f 492/1892/473 504/1891/473 503/1890/473 491/1889/473
f 493/1896/474 505/1895/474 504/1894/474 492/1893/474
f 494/1900/475 506/1899/475 505/1898/475 493/1897/475
f 495/1904/476 507/1903/476 506/1902/476 494/1901/476
f 496/1908/477 508/1907/477 507/1906/477 495/1905/477
f 497/1912/478 509/1911/478 508/1910/478 496/1909/478
f 498/1916/479 510/1915/479 509/1914/479 497/1913/479
f 487/1920/480 499/1919/480 510/1918/480 498/1917/480
f 500/1924/481 512/1923/481 511/1922/481 499/1921/481
f 501/1928/482 513/1927/482 512/1926/482 500/1925/482
f 502/1932/483 514/1931/483 513/1930/483 501/1929/483
f 503/1936/484 515/1935/484 514/1934/484 502/1933/484
f 504/1940/485 516/1939/485 515/1938/485 503/1937/485
f 505/1944/486 517/1943/486 516/1942/486 504/1941/486
f 506/1948/487 518/1947/487 517/1946/487 505/1945/487
f 507/1952/488 519/1951/488 518/1950/488 506/1949/488
f 508/1956/489 520/1955/489 519/1954/489 507/1953/489
f 509/1960/490 521/1959/490 520/1958/490 508/1957/490
f 510/1964/491 522/1963/491 521/1962/491 509/1961/491
f 499/1968/492 511/1967/492 522/1966/492 510/1965/492
f 512/1972/493 524/1971/493 523/1970/493 511/1969/493
f 513/1976/494 525/1975/494 524/1974/494 512/1973/494
f 514/1980/495 526/1979/495 525/1978/495 513/1977/495
f 515/1984/496 527/1983/496 526/1982/496 514/1981/496
f 516/1988/497 528/1987/497 527/1986/497 515/1985/497
f 517/1992/498 529/1991/498 528/1990/498 516/1989/498
f 518/1996/499 530/1995/499 529/1994/499 517/1993/499
f 519/2000/500 531/1999/500 530/1998/500 518/1997/500
f 520/2004/501 532/2003/501 531/2002/501 519/2001/501
f 521/2008/502 533/2007/502 532/2006/502 520/2005/502
f 522/2012/503 534/2011/503 533/2010/503 521/2009/503
f 511/2016/504 523/2015/504 534/2014/504 522/2013/504
f 524/2020/505 536/2019/505 535/2018/505 523/2017/505
f 525/2024/506 537/2023/506 536/2022/506 524/2021/506
f 526/2028/507 538/2027/507 537/2026/507 525/2025/507
f 527/2032/508 539/2031/508 538/2030/508 526/2029/508
f 528/2036/509 540/2035/509 539/2034/509 527/2033/509
f 529/2040/510 541/2039/510 540/2038/510 528/2037/510
f 530/2044/511 542/2043/511 541/2042/511 529/2041/511
f 531/2048/512 543/2047/512 542/2046/512 530/2045/512
f 532/2052/513 544/2051/513 543/2050/513 531/2049/513
f 533/2056/514 545/2055/514 544/2054/514 532/2053/514
f 534/2060/515 546/2059/515 545/2058/515 533/2057/515
f 523/2064/516 535/2063/516 546/2062/516 534/2061/516
f 536/2068/517 548/2067/517 547/2066/517 535/2065/517
f 537/2072/518 549/2071/518 548/2070/518 536/2069/518
f 538/2076/519 550/2075/519 549/2074/519 537/2073/519
f 539/2080/520 551/2079/520 550/2078/520 538/2077/520
f 540/2084/521 552/2083/521 551/2082/521 539/2081/521
f 541/2088/522 553/2087/522 552/2086/522 540/2085/522
f 542/2092/523 554/2091/523 553/2090/523 541/2089/523
f 543/2096/524 555/2095/524 554/2094/524 542/2093/524
f 544/2100/525 556/2099/525 555/2098/525 543/2097/525
f 545/2104/526 557/2103/526 556/2102/526 544/2101/526
f 546/2108/527 558/2107/527 557/2106/527 545/2105/527
f 535/2112/528 547/2111/528 558/2110/528 546/2109/528
f 548/2116/529 560/2115/529 559/2114/529 547/2113/529
f 549/2120/530 561/2119/530 560/2118/530 548/2117/530
f 550/2124/531 562/2123/531 561/2122/531 549/2121/531
f 551/2128/532 563/2127/532 562/2126/532 550/2125/532
f 552/2132/533 564/2131/533 563/2130/533 551/2129/533
f 553/2136/534 565/2135/534 564/2134/534 552/2133/534
f 554/2140/535 566/2139/535 565/2138/535 553/2137/535
f 555/2144/536 567/2143/536 566/2142/536 554/2141/536
f 556/2148/537 568/2147/537 567/2146/537 555/2145/537
f 557/2152/538 569/2151/538 568/2150/538 556/2149/538
f 558/2156/539 570/2155/539 569/2154/539 557/2153/539
f 547/2160/540 559/2159/540 570/2158/540 558/2157/540
f 560/2164/541 572/2163/541 571/2162/541 559/2161/541
f 561/2168/542 573/2167/542 572/2166/542 560/2165/542
f 562/2172/543 574/2171/543 573/2170/543 561/2169/543
f 563/2176/544 575/2175/544 574/2174/544 562/2173/544
f 564/2180/545 576/2179/545 575/2178/545 563/2177/545
f 565/2184/546 577/2183/546 576/2182/546 564/2181/546
f 566/2188/547 578/2187/547 577/2186/547 565/2185/547
f 567/2192/548 579/2191/548 578/2190/548 566/2189/548
f 568/2196/549 580/2195/549 579/2194/549 567/2193/549
f 569/2200/550 581/2199/550 580/2198/550 568/2197/550
f 570/2204/551 582/2203/551 581/2202/551 569/2201/551
f 559/2208/552 571/2207/552 582/2206/552 570/2205/552
f 572/2212/553 442/2211/553 439/2210/553 571/2209/553
f 573/2216/554 444/2215/554 442/2214/554 572/2213/554
f 574/2220/555 446/2219/555 444/2218/555 573/2217/555
f 575/2224/556 448/2223/556 446/2222/556 574/2221/556
f 576/2228/557 450/2227/557 448/2226/557 575/2225/557
f 577/2232/558 452/2231/558 450/2230/558 576/2229/558
f 578/2236/559 454/2235/559 452/2234/559 577/2233/559
f 579/2240/560 456/2239/560 454/2238/560 578/2237/560
f 580/2244/561 458/2243/561 456/2242/561 579/2241/561
f 581/2248/562 460/2247/562 458/2246/562 580/2245/562
f 582/2252/563 462/2251/563 460/2250/563 581/2249/563
f 571/2256/564 439/2255/564 462/2254/564 582/2253/564
o group2050770520
g mesh2050770520
usemtl mat21
f 586/2260/565 585/2259/565 584/2258/565 583/2257/565
f 588/2264/566 587/2263/566 585/2262/566 586/2261/566
f 590/2268/567 589/2267/567 587/2266/567 588/2265/567
f 592/2272/568 591/2271/568 589/2270/568 590/2269/568
f 594/2276/569 593/2275/569 591/2274/569 592/2273/569
f 596/2280/570 595/2279/570 593/2278/570 594/2277/570
f 598/2284/571 597/2283/571 595/2282/571 596/2281/571
f 600/2288/572 599/2287/572 597/2286/572 598/2285/572
f 602/2292/573 601/2291/573 599/2290/573 600/2289/573
f 604/2296/574 603/2295/574 601/2294/574 602/2293/574
f 606/2300/575 605/2299/575 603/2298/575 604/2297/575
f 583/2304/576 584/2303/576 605/2302/576 606/2301/576
f 585/2308/577 608/2307/577 607/2306/577 584/2305/577
f 587/2312/578 609/2311/578 608/2310/578 585/2309/578
f 589/2316/579 610/2315/579 609/2314/579 587/2313/579
f 591/2320/580 611/2319/580 610/2318/580 589/2317/580
f 593/2324/581 612/2323/581 611/2322/581 591/2321/581
f 595/2328/582 613/2327/582 612/2326/582 593/2325/582
f 597/2332/583 614/2331/583 613/2330/583 595/2329/583
f 599/2336/584 615/2335/584 614/2334/584 597/2333/584
f 601/2340/585 616/2339/585 615/2338/585 599/2337/585
f 603/2344/586 617/2343/586 616/2342/586 601/2341/586
f 605/2348/587 618/2347/587 617/2346/587 603/2345/587
f 584/2352/588 607/2351/588 618/2350/588 605/2349/588
f 608/2356/589 620/2355/589 619/2354/589 607/2353/589
f 609/2360/590 621/2359/590 620/2358/590 608/2357/590
f 610/2364/591 622/2363/591 621/2362/591 609/2361/591
f 611/2368/592 623/2367/592 622/2366/592 610/2365/592
f 612/2372/593 624/2371/593 623/2370/593 611/2369/593
f 613/2376/594 625/2375/594 624/2374/594 612/2373/594
f 614/2380/595 626/2379/595 625/2378/595 613/2377/595
f 615/2384/596 627/2383/596 626/2382/596 614/2381/596
f 616/2388/597 628/2387/597 627/2386/597 615/2385/597
f 617/2392/598 629/2391/598 628/2390/598 616/2389/598
f 618/2396/599 630/2395/599 629/2394/599 617/2393/599
f 607/2400/600 619/2399/600 630/2398/600 618/2397/600
f 620/2404/601 632/2403/601 631/2402/601 619/2401/601
f 621/2408/602 633/2407/602 632/2406/602 620/2405/602
f 622/2412/603 634/2411/603 633/2410/603 621/2409/603
f 623/2416/604 635/2415/604 634/2414/604 622/2413/604
f 624/2420/605 636/2419/605 635/2418/605 623/2417/605
f 625/2424/606 637/2423/606 636/2422/606 624/2421/606
f 626/2428/607 638/2427/607 637/2426/607 625/2425/607
f 627/2432/608 639/2431/608 638/2430/608 626/2429/608
f 628/2436/609 640/2435/609 639/2434/609 627/2433/609
f 629/2440/610 641/2439/610 640/2438/610 628/2437/610
f 630/2444/611 642/2443/611 641/2442/611 629/2441/611
f 619/2448/612 631/2447/612 642/2446/612 630/2445/612
f 632/2452/613 644/2451/613 643/2450/613 631/2449/613
f 633/2456/614 645/2455/614 644/2454/614 632/2453/614
f 634/2460/615 646/2459/615 645/2458/615 633/2457/615
f 635/2464/616 647/2463/616 646/2462/616 634/2461/616
f 636/2468/617 648/2467/617 647/2466/617 635/2465/617
f 637/2472/618 649/2471/618 648/2470/618 636/2469/618
f 638/2476/619 650/2475/619 649/2474/619 637/2473/619
f 639/2480/620 651/2479/620 650/2478/620 638/2477/620
f 640/2484/621 652/2483/621 651/2482/621 639/2481/621
f 641/2488/622 653/2487/622 652/2486/622 640/2485/622
f 642/2492/623 654/2491/623 653/2490/623 641/2489/623
f 631/2496/624 643/2495/624 654/2494/624 642/2493/624
f 644/2500/625 656/2499/625 655/2498/625 643/2497/625
f 645/2504/626 657/2503/626 656/2502/626 644/2501/626
f 646/2508/627 658/2507/627 657/2506/627 645/2505/627
f 647/2512/628 659/2511/628 658/2510/628 646/2509/628
f 648/2516/629 660/2515/629 659/2514/629 647/2513/629
f 649/2520/630 661/2519/630 660/2518/630 648/2517/630
f 650/2524/631 662/2523/631 661/2522/631 649/2521/631
f 651/2528/632 663/2527/632 662/2526/632 650/2525/632
f 652/2532/633 664/2531/633 663/2530/633 651/2529/633
f 653/2536/634 665/2535/634 664/2534/634 652/2533/634
f 654/2540/635 666/2539/635 665/2538/635 653/2537/635
f 643/2544/636 655/2543/636 666/2542/636 654/2541/636
f 656/2548/637 668/2547/637 667/2546/637 655/2545/637
f 657/2552/638 669/2551/638 668/2550/638 656/2549/638
f 658/2556/639 670/2555/639 669/2554/639 657/2553/639
f 659/2560/640 671/2559/640 670/2558/640 658/2557/640
f 660/2564/641 672/2563/641 671/2562/641 659/2561/641
f 661/2568/642 673/2567/642 672/2566/642 660/2565/642
f 662/2572/643 674/2571/643 673/2570/643 661/2569/643
f 663/2576/644 675/2575/644 674/2574/644 662/2573/644
f 664/2580/645 676/2579/645 675/2578/645 663/2577/645
f 665/2584/646 677/2583/646 676/2582/646 664/2581/646
f 666/2588/647 678/2587/647 677/2586/647 665/2585/647
f 655/2592/648 667/2591/648 678/2590/648 666/2589/648
f 668/2596/649 680/2595/649 679/2594/649 667/2593/649
f 669/2600/650 681/2599/650 680/2598/650 668/2597/650
f 670/2604/651 682/2603/651 681/2602/651 669/2601/651
f 671/2608/652 683/2607/652 682/2606/652 670/2605/652
f 672/2612/653 684/2611/653 683/2610/653 671/2609/653
f 673/2616/654 685/2615/654 684/2614/654 672/2613/654
f 674/2620/655 686/2619/655 685/2618/655 673/2617/655
f 675/2624/656 687/2623/656 686/2622/656 674/2621/656
f 676/2628/657 688/2627/657 687/2626/657 675/2625/657
f 677/2632/658 689/2631/658 688/2630/658 676/2629/658
f 678/2636/659 690/2635/659 689/2634/659 677/2633/659
f 667/2640/660 679/2639/660 690/2638/660 678/2637/660
f 680/2644/661 692/2643/661 691/2642/661 679/2641/661
f 681/2648/662 693/2647/662 692/2646/662 680/2645/662
f 682/2652/663 694/2651/663 693/2650/663 681/2649/663
f 683/2656/664 695/2655/664 694/2654/664 682/2653/664
f 684/2660/665 696/2659/665 695/2658/665 683/2657/665
f 685/2664/666 697/2663/666 696/2662/666 684/2661/666
f 686/2668/667 698/2667/667 697/2666/667 685/2665/667
f 687/2672/668 699/2671/668 698/2670/668 686/2669/668
f 688/2676/669 700/2675/669 699/2674/669 687/2673/669
f 689/2680/670 701/2679/670 700/2678/670 688/2677/670
f 690/2684/671 702/2683/671 701/2682/671 689/2681/671
f 679/2688/672 691/2687/672 702/2686/672 690/2685/672
f 692/2692/673 704/2691/673 703/2690/673 691/2689/673
f 693/2696/674 705/2695/674 704/2694/674 692/2693/674
f 694/2700/675 706/2699/675 705/2698/675 693/2697/675
f 695/2704/676 707/2703/676 706/2702/676 694/2701/676
f 696/2708/677 708/2707/677 707/2706/677 695/2705/677
f 697/2712/678 709/2711/678 708/2710/678 696/2709/678
f 698/2716/679 710/2715/679 709/2714/679 697/2713/679
f 699/2720/680 711/2719/680 710/2718/680 698/2717/680
f 700/2724/681 712/2723/681 711/2722/681 699/2721/681
f 701/2728/682 713/2727/682 712/2726/682 700/2725/682
f 702/2732/683 714/2731/683 713/2730/683 701/2729/683
f 691/2736/684 703/2735/684 714/2734/684 702/2733/684
f 704/2740/685 716/2739/685 715/2738/685 703/2737/685
f 705/2744/686 717/2743/686 716/2742/686 704/2741/686
f 706/2748/687 718/2747/687 717/2746/687 705/2745/687
f 707/2752/688 719/2751/688 718/2750/688 706/2749/688
f 708/2756/689 720/2755/689 719/2754/689 707/2753/689
f 709/2760/690 721/2759/690 720/2758/690 708/2757/690
f 710/2764/691 722/2763/691 721/2762/691 709/2761/691
f 711/2768/692 723/2767/692 722/2766/692 710/2765/692
f 712/2772/693 724/2771/693 723/2770/693 711/2769/693
f 713/2776/694 725/2775/694 724/2774/694 712/2773/694
f 714/2780/695 726/2779/695 725/2778/695 713/2777/695
f 703/2784/696 715/2783/696 726/2782/696 714/2781/696
f 716/2788/697 586/2787/697 583/2786/697 715/2785/697
f 717/2792/698 588/2791/698 586/2790/698 716/2789/698
f 718/2796/699 590/2795/699 588/2794/699 717/2793/699
f 719/2800/700 592/2799/700 590/2798/700 718/2797/700
f 720/2804/701 594/2803/701 592/2802/701 719/2801/701
f 721/2808/702 596/2807/702 594/2806/702 720/2805/702
f 722/2812/703 598/2811/703 596/2810/703 721/2809/703
f 723/2816/704 600/2815/704 598/2814/704 722/2813/704
f 724/2820/705 602/2819/705 600/2818/705 723/2817/705
f 725/2824/706 604/2823/706 602/2822/706 724/2821/706
f 726/2828/707 606/2827/707 604/2826/707 725/2825/707
f 715/2832/708 583/2831/708 606/2830/708 726/2829/708
o group411638443
g mesh411638443
usemtl mat21
f 730/2836/709 729/2835/709 728/2834/709 727/2833/709
f 732/2840/710 731/2839/710 729/2838/710 730/2837/710
f 734/2844/711 733/2843/711 731/2842/711 732/2841/711
f 736/2848/712 735/2847/712 733/2846/712 734/2845/712
f 738/2852/713 737/2851/713 735/2850/713 736/2849/713
f 740/2856/714 739/2855/714 737/2854/714 738/2853/714
f 742/2860/715 741/2859/715 739/2858/715 740/2857/715
f 744/2864/716 743/2863/716 741/2862/716 742/2861/716
f 746/2868/717 745/2867/717 743/2866/717 744/2865/717
f 748/2872/718 747/2871/718 745/2870/718 746/2869/718
f 750/2876/719 749/2875/719 747/2874/719 748/2873/719
f 727/2880/720 728/2879/720 749/2878/720 750/2877/720
f 729/2884/721 752/2883/721 751/2882/721 728/2881/721
f 731/2888/722 753/2887/722 752/2886/722 729/2885/722
f 733/2892/723 754/2891/723 753/2890/723 731/2889/723
f 735/2896/724 755/2895/724 754/2894/724 733/2893/724
f 737/2900/725 756/2899/725 755/2898/725 735/2897/725
f 739/2904/726 757/2903/726 756/2902/726 737/2901/726
f 741/2908/727 758/2907/727 757/2906/727 739/2905/727
f 743/2912/728 759/2911/728 758/2910/728 741/2909/728
f 745/2916/729 760/2915/729 759/2914/729 743/2913/729
f 747/2920/730 761/2919/730 760/2918/730 745/2917/730
f 749/2924/731 762/2923/731 761/2922/731 747/2921/731
f 728/2928/732 751/2927/732 762/2926/732 749/2925/732
f 752/2932/733 764/2931/733 763/2930/733 751/2929/733
f 753/2936/734 765/2935/734 764/2934/734 752/2933/734
f 754/2940/735 766/2939/735 765/2938/735 753/2937/735
f 755/2944/736 767/2943/736 766/2942/736 754/2941/736
f 756/2948/737 768/2947/737 767/2946/737 755/2945/737
f 757/2952/738 769/2951/738 768/2950/738 756/2949/738
f 758/2956/739 770/2955/739 769/2954/739 757/2953/739
f 759/2960/740 771/2959/740 770/2958/740 758/2957/740
f 760/2964/741 772/2963/741 771/2962/741 759/2961/741
f 761/2968/742 773/2967/742 772/2966/742 760/2965/742
f 762/2972/743 774/2971/743 773/2970/743 761/2969/743
f 751/2976/744 763/2975/744 774/2974/744 762/2973/744
f 764/2980/745 776/2979/745 775/2978/745 763/2977/745
f 765/2984/746 777/2983/746 776/2982/746 764/2981/746
f 766/2988/747 778/2987/747 777/2986/747 765/2985/747
f 767/2992/748 779/2991/748 778/2990/748 766/2989/748
f 768/2996/749 780/2995/749 779/2994/749 767/2993/749
f 769/3000/750 781/2999/750 780/2998/750 768/2997/750
f 770/3004/751 782/3003/751 781/3002/751 769/3001/751
f 771/3008/752 783/3007/752 782/3006/752 770/3005/752
f 772/3012/753 784/3011/753 783/3010/753 771/3009/753
f 773/3016/754 785/3015/754 784/3014/754 772/3013/754
f 774/3020/755 786/3019/755 785/3018/755 773/3017/755
f 763/3024/756 775/3023/756 786/3022/756 774/3021/756
f 776/3028/757 788/3027/757 787/3026/757 775/3025/757
f 777/3032/758 789/3031/758 788/3030/758 776/3029/758
f 778/3036/759 790/3035/759 789/3034/759 777/3033/759
f 779/3040/760 791/3039/760 790/3038/760 778/3037/760
f 780/3044/761 792/3043/761 791/3042/761 779/3041/761
f 781/3048/762 793/3047/762 792/3046/762 780/3045/762
f 782/3052/763 794/3051/763 793/3050/763 781/3049/763
f 783/3056/764 795/3055/764 794/3054/764 782/3053/764
f 784/3060/765 796/3059/765 795/3058/765 783/3057/765
f 785/3064/766 797/3063/766 796/3062/766 784/3061/766
f 786/3068/767 798/3067/767 797/3066/767 785/3065/767
f 775/3072/768 787/3071/768 798/3070/768 786/3069/768
f 788/3076/769 800/3075/769 799/3074/769 787/3073/769
f 789/3080/770 801/3079/770 800/3078/770 788/3077/770
f 790/3084/771 802/3083/771 801/3082/771 789/3081/771
f 791/3088/772 803/3087/772 802/3086/772 790/3085/772
f 792/3092/773 804/3091/773 803/3090/773 791/3089/773
f 793/3096/774 805/3095/774 804/3094/774 792/3093/774
f 794/3100/775 806/3099/775 805/3098/775 793/3097/775
f 795/3104/776 807/3103/776 806/3102/776 794/3101/776
f 796/3108/777 808/3107/777 807/3106/777 795/3105/777
f 797/3112/778 809/3111/778 808/3110/778 796/3109/778
f 798/3116/779 810/3115/779 809/3114/779 797/3113/779
f 787/3120/780 799/3119/780 810/3118/780 798/3117/780
f 800/3124/781 812/3123/781 811/3122/781 799/3121/781
f 801/3128/782 813/3127/782 812/3126/782 800/3125/782
f 802/3132/783 814/3131/783 813/3130/783 801/3129/783
f 803/3136/784 815/3135/784 814/3134/784 802/3133/784
f 804/3140/785 816/3139/785 815/3138/785 803/3137/785
f 805/3144/786 817/3143/786 816/3142/786 804/3141/786
f 806/3148/787 818/3147/787 817/3146/787 805/3145/787
f 807/3152/788 819/3151/788 818/3150/788 806/3149/788
f 808/3156/789 820/3155/789 819/3154/789 807/3153/789
f 809/3160/790 821/3159/790 820/3158/790 808/3157/790
f 810/3164/791 822/3163/791 821/3162/791 809/3161/791
f 799/3168/792 811/3167/792 822/3166/792 810/3165/792
f 812/3172/793 824/3171/793 823/3170/793 811/3169/793
f 813/3176/794 825/3175/794 824/3174/794 812/3173/794
f 814/3180/795 826/3179/795 825/3178/795 813/3177/795
f 815/3184/796 827/3183/796 826/3182/796 814/3181/796
f 816/3188/797 828/3187/797 827/3186/797 815/3185/797
f 817/3192/798 829/3191/798 828/3190/798 816/3189/798
f 818/3196/799 830/3195/799 829/3194/799 817/3193/799
f 819/3200/800 831/3199/800 830/3198/800 818/3197/800
f 820/3204/801 832/3203/801 831/3202/801 819/3201/801
f 821/3208/802 833/3207/802 832/3206/802 820/3205/802
f 822/3212/803 834/3211/803 833/3210/803 821/3209/803
f 811/3216/804 823/3215/804 834/3214/804 822/3213/804
f 824/3220/805 836/3219/805 835/3218/805 823/3217/805
f 825/3224/806 837/3223/806 836/3222/806 824/3221/806
f 826/3228/807 838/3227/807 837/3226/807 825/3225/807
f 827/3232/808 839/3231/808 838/3230/808 826/3229/808
f 828/3236/809 840/3235/809 839/3234/809 827/3233/809
f 829/3240/810 841/3239/810 840/3238/810 828/3237/810
f 830/3244/811 842/3243/811 841/3242/811 829/3241/811
f 831/3248/812 843/3247/812 842/3246/812 830/3245/812
f 832/3252/813 844/3251/813 843/3250/813 831/3249/813
f 833/3256/814 845/3255/814 844/3254/814 832/3253/814
f 834/3260/815 846/3259/815 845/3258/815 833/3257/815
f 823/3264/816 835/3263/816 846/3262/816 834/3261/816
f 836/3268/817 848/3267/817 847/3266/817 835/3265/817
f 837/3272/818 849/3271/818 848/3270/818 836/3269/818
f 838/3276/819 850/3275/819 849/3274/819 837/3273/819
f 839/3280/820 851/3279/820 850/3278/820 838/3277/820
f 840/3284/821 852/3283/821 851/3282/821 839/3281/821
f 841/3288/822 853/3287/822 852/3286/822 840/3285/822
f 842/3292/823 854/3291/823 853/3290/823 841/3289/823
f 843/3296/824 855/3295/824 854/3294/824 842/3293/824
f 844/3300/825 856/3299/825 855/3298/825 843/3297/825
f 845/3304/826 857/3303/826 856/3302/826 844/3301/826
f 846/3308/827 858/3307/827 857/3306/827 845/3305/827
f 835/3312/828 847/3311/828 858/3310/828 846/3309/828
f 848/3316/829 860/3315/829 859/3314/829 847/3313/829
f 849/3320/830 861/3319/830 860/3318/830 848/3317/830
f 850/3324/831 862/3323/831 861/3322/831 849/3321/831
f 851/3328/832 863/3327/832 862/3326/832 850/3325/832
f 852/3332/833 864/3331/833 863/3330/833 851/3329/833
f 853/3336/834 865/3335/834 864/3334/834 852/3333/834
f 854/3340/835 866/3339/835 865/3338/835 853/3337/835
f 855/3344/836 867/3343/836 866/3342/836 854/3341/836
f 856/3348/837 868/3347/837 867/3346/837 855/3345/837
f 857/3352/838 869/3351/838 868/3350/838 856/3349/838
f 858/3356/839 870/3355/839 869/3354/839 857/3353/839
f 847/3360/840 859/3359/840 870/3358/840 858/3357/840
f 860/3364/841 730/3363/841 727/3362/841 859/3361/841
f 861/3368/842 732/3367/842 730/3366/842 860/3365/842
f 862/3372/843 734/3371/843 732/3370/843 861/3369/843
f 863/3376/844 736/3375/844 734/3374/844 862/3373/844
f 864/3380/845 738/3379/845 736/3378/845 863/3377/845
f 865/3384/846 740/3383/846 738/3382/846 864/3381/846
f 866/3388/847 742/3387/847 740/3386/847 865/3385/847
f 867/3392/848 744/3391/848 742/3390/848 866/3389/848
f 868/3396/849 746/3395/849 744/3394/849 867/3393/849
f 869/3400/850 748/3399/850 746/3398/850 868/3397/850
f 870/3404/851 750/3403/851 748/3402/851 869/3401/851
f 859/3408/852 727/3407/852 750/3406/852 870/3405/852
o group1340036198
g mesh1340036198
usemtl mat21
f 874/3412/853 873/3411/853 872/3410/853 871/3409/853
f 873/3416/854 876/3415/854 875/3414/854 872/3413/854
f 876/3420/855 878/3419/855 877/3418/855 875/3417/855
f 878/3424/856 880/3423/856 879/3422/856 877/3421/856
f 880/3428/857 882/3427/857 881/3426/857 879/3425/857
f 882/3432/858 884/3431/858 883/3430/858 881/3429/858
f 884/3436/859 886/3435/859 885/3434/859 883/3433/859
f 886/3440/860 888/3439/860 887/3438/860 885/3437/860
f 888/3444/861 890/3443/861 889/3442/861 887/3441/861
f 890/3448/862 892/3447/862 891/3446/862 889/3445/862
f 892/3452/863 894/3451/863 893/3450/863 891/3449/863
f 894/3456/864 874/3455/864 871/3454/864 893/3453/864
f 896/3460/865 895/3459/865 891/3458/865 893/3457/865
f 894/3472/866 892/3471/866 890/3470/866 888/3469/866 886/3468/866 884/3467/866 882/3466/866 880/3465/866 878/3464/866 876/3463/866 873/3462/866 874/3461/866
f 895/3476/867 897/3475/867 889/3474/867 891/3473/867
f 897/3480/868 898/3479/868 887/3478/868 889/3477/868
f 899/3483/869 885/3482/869 887/3481/869
f 900/3486/870 883/3485/870 885/3484/870
f 901/3489/871 881/3488/871 883/3487/871
f 902/3492/872 879/3491/872 881/3490/872
f 903/3495/873 877/3494/873 879/3493/873
f 903/3499/874 904/3498/874 875/3497/874 877/3496/874
f 904/3503/875 905/3502/875 872/3501/875 875/3500/875
f 905/3507/876 906/3506/876 871/3505/876 872/3504/876
f 906/3511/877 896/3510/877 893/3509/877 871/3508/877
f 906/3523/878 905/3522/878 904/3521/878 903/3520/878 902/3519/878 901/3518/878 900/3517/878 899/3516/878 898/3515/878 897/3514/878 895/3513/878 896/3512/878
f 887/3526/879 898/3525/879 899/3524/879
f 885/3529/880 899/3528/880 900/3527/880
f 883/3532/881 900/3531/881 901/3530/881
f 881/3535/882 901/3534/882 902/3533/882
f 879/3538/883 902/3537/883 903/3536/883
o group948987660
g mesh948987660
usemtl mat21
f 910/3542/884 909/3541/884 908/3540/884 907/3539/884
f 909/3546/885 912/3545/885 911/3544/885 908/3543/885
f 912/3550/886 914/3549/886 913/3548/886 911/3547/886
f 914/3554/887 916/3553/887 915/3552/887 913/3551/887
f 916/3558/888 918/3557/888 917/3556/888 915/3555/888
f 918/3562/889 920/3561/889 919/3560/889 917/3559/889
f 920/3566/890 922/3565/890 921/3564/890 919/3563/890
f 922/3570/891 924/3569/891 923/3568/891 921/3567/891
f 924/3574/892 926/3573/892 925/3572/892 923/3571/892
f 926/3578/893 928/3577/893 927/3576/893 925/3575/893
f 928/3582/894 930/3581/894 929/3580/894 927/3579/894
f 930/3586/895 910/3585/895 907/3584/895 929/3583/895
f 907/3598/896 908/3597/896 911/3596/896 913/3595/896 915/3594/896 917/3593/896 919/3592/896 921/3591/896 923/3590/896 925/3589/896 927/3588/896 929/3587/896
f 932/3602/897 931/3601/897 909/3600/897 910/3599/897
f 931/3606/898 933/3605/898 912/3604/898 909/3603/898
f 933/3610/899 934/3609/899 914/3608/899 912/3607/899
f 934/3614/900 935/3613/900 916/3612/900 914/3611/900
f 935/3618/901 936/3617/901 918/3616/901 916/3615/901
f 936/3622/902 937/3621/902 920/3620/902 918/3619/902
f 938/3625/903 922/3624/903 920/3623/903
f 939/3628/904 924/3627/904 922/3626/904
f 940/3631/905 926/3630/905 924/3629/905
f 940/3635/906 941/3634/906 928/3633/906 926/3632/906
f 941/3639/907 942/3638/907 930/3637/907 928/3636/907
f 942/3643/908 932/3642/908 910/3641/908 930/3640/908
f 942/3655/909 941/3654/909 940/3653/909 939/3652/909 938/3651/909 937/3650/909 936/3649/909 935/3648/909 934/3647/909 933/3646/909 931/3645/909 932/3644/909
f 920/3658/910 937/3657/910 938/3656/910
f 922/3661/911 938/3660/911 939/3659/911
f 924/3664/912 939/3663/912 940/3662/912
o group1236897864
g mesh1236897864
usemtl mat23
f 946/3668/913 945/3667/913 944/3666/913 943/3665/913
f 948/3672/914 947/3671/914 945/3670/914 946/3669/914
f 950/3676/915 949/3675/915 947/3674/915 948/3673/915
f 952/3680/916 951/3679/916 949/3678/916 950/3677/916
f 954/3684/917 953/3683/917 951/3682/917 952/3681/917
f 956/3688/918 955/3687/918 953/3686/918 954/3685/918
f 958/3692/919 957/3691/919 955/3690/919 956/3689/919
f 960/3696/920 959/3695/920 957/3694/920 958/3693/920
f 962/3700/921 961/3699/921 959/3698/921 960/3697/921
f 964/3704/922 963/3703/922 961/3702/922 962/3701/922
f 966/3708/923 965/3707/923 963/3706/923 964/3705/923
f 943/3712/924 944/3711/924 965/3710/924 966/3709/924
f 945/3716/925 968/3715/925 967/3714/925 944/3713/925
f 947/3720/926 969/3719/926 968/3718/926 945/3717/926
f 949/3724/927 970/3723/927 969/3722/927 947/3721/927
f 951/3728/928 971/3727/928 970/3726/928 949/3725/928
f 953/3732/929 972/3731/929 971/3730/929 951/3729/929
f 955/3736/930 973/3735/930 972/3734/930 953/3733/930
f 957/3740/931 974/3739/931 973/3738/931 955/3737/931
f 959/3744/932 975/3743/932 974/3742/932 957/3741/932
f 961/3748/933 976/3747/933 975/3746/933 959/3745/933
f 963/3752/934 977/3751/934 976/3750/934 961/3749/934
f 965/3756/935 978/3755/935 977/3754/935 963/3753/935
f 944/3760/936 967/3759/936 978/3758/936 965/3757/936
f 968/3764/937 980/3763/937 979/3762/937 967/3761/937
f 969/3768/938 981/3767/938 980/3766/938 968/3765/938
f 970/3772/939 982/3771/939 981/3770/939 969/3769/939
f 971/3776/940 983/3775/940 982/3774/940 970/3773/940
f 972/3780/941 984/3779/941 983/3778/941 971/3777/941
f 973/3784/942 985/3783/942 984/3782/942 972/3781/942
f 974/3788/943 986/3787/943 985/3786/943 973/3785/943
f 975/3792/944 987/3791/944 986/3790/944 974/3789/944
f 976/3796/945 988/3795/945 987/3794/945 975/3793/945
f 977/3800/946 989/3799/946 988/3798/946 976/3797/946
f 978/3804/947 990/3803/947 989/3802/947 977/3801/947
f 967/3808/948 979/3807/948 990/3806/948 978/3805/948
f 980/3812/949 992/3811/949 991/3810/949 979/3809/949
f 981/3816/950 993/3815/950 992/3814/950 980/3813/950
f 982/3820/951 994/3819/951 993/3818/951 981/3817/951
f 983/3824/952 995/3823/952 994/3822/952 982/3821/952
f 984/3828/953 996/3827/953 995/3826/953 983/3825/953
f 985/3832/954 997/3831/954 996/3830/954 984/3829/954
f 986/3836/955 998/3835/955 997/3834/955 985/3833/955
f 987/3840/956 999/3839/956 998/3838/956 986/3837/956
f 988/3844/957 1000/3843/957 999/3842/957 987/3841/957
f 989/3848/958 1001/3847/958 1000/3846/958 988/3845/958
f 990/3852/959 1002/3851/959 1001/3850/959 989/3849/959
f 979/3856/960 991/3855/960 1002/3854/960 990/3853/960
f 992/3860/961 1004/3859/961 1003/3858/961 991/3857/961
f 993/3864/962 1005/3863/962 1004/3862/962 992/3861/962
f 994/3868/963 1006/3867/963 1005/3866/963 993/3865/963
f 995/3872/964 1007/3871/964 1006/3870/964 994/3869/964
f 996/3876/965 1008/3875/965 1007/3874/965 995/3873/965
f 997/3880/966 1009/3879/966 1008/3878/966 996/3877/966
f 998/3884/967 1010/3883/967 1009/3882/967 997/3881/967
f 999/3888/968 1011/3887/968 1010/3886/968 998/3885/968
f 1000/3892/969 1012/3891/969 1011/3890/969 999/3889/969
f 1001/3896/970 1013/3895/970 1012/3894/970 1000/3893/970
f 1002/3900/971 1014/3899/971 1013/3898/971 1001/3897/971
f 991/3904/972 1003/3903/972 1014/3902/972 1002/3901/972
f 1004/3908/973 1016/3907/973 1015/3906/973 1003/3905/973
f 1005/3912/974 1017/3911/974 1016/3910/974 1004/3909/974
f 1006/3916/975 1018/3915/975 1017/3914/975 1005/3913/975
f 1007/3920/976 1019/3919/976 1018/3918/976 1006/3917/976
f 1008/3924/977 1020/3923/977 1019/3922/977 1007/3921/977
f 1009/3928/978 1021/3927/978 1020/3926/978 1008/3925/978
f 1010/3932/979 1022/3931/979 1021/3930/979 1009/3929/979
f 1011/3936/980 1023/3935/980 1022/3934/980 1010/3933/980
f 1012/3940/981 1024/3939/981 1023/3938/981 1011/3937/981
f 1013/3944/982 1025/3943/982 1024/3942/982 1012/3941/982
f 1014/3948/983 1026/3947/983 1025/3946/983 1013/3945/983
f 1003/3952/984 1015/3951/984 1026/3950/984 1014/3949/984
f 1016/3956/985 1028/3955/985 1027/3954/985 1015/3953/985
f 1017/3960/986 1029/3959/986 1028/3958/986 1016/3957/986
f 1018/3964/987 1030/3963/987 1029/3962/987 1017/3961/987
f 1019/3968/988 1031/3967/988 1030/3966/988 1018/3965/988
f 1020/3972/989 1032/3971/989 1031/3970/989 1019/3969/989
f 1021/3976/990 1033/3975/990 1032/3974/990 1020/3973/990
f 1022/3980/991 1034/3979/991 1033/3978/991 1021/3977/991
f 1023/3984/992 1035/3983/992 1034/3982/992 1022/3981/992
f 1024/3988/993 1036/3987/993 1035/3986/993 1023/3985/993
f 1025/3992/994 1037/3991/994 1036/3990/994 1024/3989/994
f 1026/3996/995 1038/3995/995 1037/3994/995 1025/3993/995
f 1015/4000/996 1027/3999/996 1038/3998/996 1026/3997/996
f 1028/4004/997 1040/4003/997 1039/4002/997 1027/4001/997
f 1029/4008/998 1041/4007/998 1040/4006/998 1028/4005/998
f 1030/4012/999 1042/4011/999 1041/4010/999 1029/4009/999
f 1031/4016/1000 1043/4015/1000 1042/4014/1000 1030/4013/1000
f 1032/4020/1001 1044/4019/1001 1043/4018/1001 1031/4017/1001
f 1033/4024/1002 1045/4023/1002 1044/4022/1002 1032/4021/1002
f 1034/4028/1003 1046/4027/1003 1045/4026/1003 1033/4025/1003
f 1035/4032/1004 1047/4031/1004 1046/4030/1004 1034/4029/1004
f 1036/4036/1005 1048/4035/1005 1047/4034/1005 1035/4033/1005
f 1037/4040/1006 1049/4039/1006 1048/4038/1006 1036/4037/1006
f 1038/4044/1007 1050/4043/1007 1049/4042/1007 1037/4041/1007
f 1027/4048/1008 1039/4047/1008 1050/4046/1008 1038/4045/1008
f 1040/4052/1009 1052/4051/1009 1051/4050/1009 1039/4049/1009
f 1041/4056/1010 1053/4055/1010 1052/4054/1010 1040/4053/1010
f 1042/4060/1011 1054/4059/1011 1053/4058/1011 1041/4057/1011
f 1043/4064/1012 1055/4063/1012 1054/4062/1012 1042/4061/1012
f 1044/4068/1013 1056/4067/1013 1055/4066/1013 1043/4065/1013
f 1045/4072/1014 1057/4071/1014 1056/4070/1014 1044/4069/1014
f 1046/4076/1015 1058/4075/1015 1057/4074/1015 1045/4073/1015
f 1047/4080/1016 1059/4079/1016 1058/4078/1016 1046/4077/1016
f 1048/4084/1017 1060/4083/1017 1059/4082/1017 1047/4081/1017
f 1049/4088/1018 1061/4087/1018 1060/4086/1018 1048/4085/1018
f 1050/4092/1019 1062/4091/1019 1061/4090/1019 1049/4089/1019
f 1039/4096/1020 1051/4095/1020 1062/4094/1020 1050/4093/1020
f 1052/4100/1021 1064/4099/1021 1063/4098/1021 1051/4097/1021
f 1053/4104/1022 1065/4103/1022 1064/4102/1022 1052/4101/1022
f 1054/4108/1023 1066/4107/1023 1065/4106/1023 1053/4105/1023
f 1055/4112/1024 1067/4111/1024 1066/4110/1024 1054/4109/1024
f 1056/4116/1025 1068/4115/1025 1067/4114/1025 1055/4113/1025
f 1057/4120/1026 1069/4119/1026 1068/4118/1026 1056/4117/1026
f 1058/4124/1027 1070/4123/1027 1069/4122/1027 1057/4121/1027
f 1059/4128/1028 1071/4127/1028 1070/4126/1028 1058/4125/1028
f 1060/4132/1029 1072/4131/1029 1071/4130/1029 1059/4129/1029
f 1061/4136/1030 1073/4135/1030 1072/4134/1030 1060/4133/1030
f 1062/4140/1031 1074/4139/1031 1073/4138/1031 1061/4137/1031
f 1051/4144/1032 1063/4143/1032 1074/4142/1032 1062/4141/1032
f 1064/4148/1033 1076/4147/1033 1075/4146/1033 1063/4145/1033
f 1065/4152/1034 1077/4151/1034 1076/4150/1034 1064/4149/1034
f 1066/4156/1035 1078/4155/1035 1077/4154/1035 1065/4153/1035
f 1067/4160/1036 1079/4159/1036 1078/4158/1036 1066/4157/1036
f 1068/4164/1037 1080/4163/1037 1079/4162/1037 1067/4161/1037
f 1069/4168/1038 1081/4167/1038 1080/4166/1038 1068/4165/1038
f 1070/4172/1039 1082/4171/1039 1081/4170/1039 1069/4169/1039
f 1071/4176/1040 1083/4175/1040 1082/4174/1040 1070/4173/1040
f 1072/4180/1041 1084/4179/1041 1083/4178/1041 1071/4177/1041
f 1073/4184/1042 1085/4183/1042 1084/4182/1042 1072/4181/1042
f 1074/4188/1043 1086/4187/1043 1085/4186/1043 1073/4185/1043
f 1063/4192/1044 1075/4191/1044 1086/4190/1044 1074/4189/1044
f 1076/4196/1045 946/4195/1045 943/4194/1045 1075/4193/1045
f 1077/4200/1046 948/4199/1046 946/4198/1046 1076/4197/1046
f 1078/4204/1047 950/4203/1047 948/4202/1047 1077/4201/1047
f 1079/4208/1048 952/4207/1048 950/4206/1048 1078/4205/1048
f 1080/4212/1049 954/4211/1049 952/4210/1049 1079/4209/1049
f 1081/4216/1050 956/4215/1050 954/4214/1050 1080/4213/1050
f 1082/4220/1051 958/4219/1051 956/4218/1051 1081/4217/1051
f 1083/4224/1052 960/4223/1052 958/4222/1052 1082/4221/1052
f 1084/4228/1053 962/4227/1053 960/4226/1053 1083/4225/1053
f 1085/4232/1054 964/4231/1054 962/4230/1054 1084/4229/1054
f 1086/4236/1055 966/4235/1055 964/4234/1055 1085/4233/1055
f 1075/4240/1056 943/4239/1056 966/4238/1056 1086/4237/1056
o group1876817112
g mesh1876817112
usemtl mat23
f 1090/4244/1057 1089/4243/1057 1088/4242/1057 1087/4241/1057
f 1092/4248/1058 1091/4247/1058 1089/4246/1058 1090/4245/1058
f 1094/4252/1059 1093/4251/1059 1091/4250/1059 1092/4249/1059
f 1096/4256/1060 1095/4255/1060 1093/4254/1060 1094/4253/1060
f 1098/4260/1061 1097/4259/1061 1095/4258/1061 1096/4257/1061
f 1100/4264/1062 1099/4263/1062 1097/4262/1062 1098/4261/1062
f 1102/4268/1063 1101/4267/1063 1099/4266/1063 1100/4265/1063
f 1104/4272/1064 1103/4271/1064 1101/4270/1064 1102/4269/1064
f 1106/4276/1065 1105/4275/1065 1103/4274/1065 1104/4273/1065
f 1108/4280/1066 1107/4279/1066 1105/4278/1066 1106/4277/1066
f 1110/4284/1067 1109/4283/1067 1107/4282/1067 1108/4281/1067
f 1087/4288/1068 1088/4287/1068 1109/4286/1068 1110/4285/1068
f 1089/4292/1069 1112/4291/1069 1111/4290/1069 1088/4289/1069
f 1091/4296/1070 1113/4295/1070 1112/4294/1070 1089/4293/1070
f 1093/4300/1071 1114/4299/1071 1113/4298/1071 1091/4297/1071
f 1095/4304/1072 1115/4303/1072 1114/4302/1072 1093/4301/1072
f 1097/4308/1073 1116/4307/1073 1115/4306/1073 1095/4305/1073
f 1099/4312/1074 1117/4311/1074 1116/4310/1074 1097/4309/1074
f 1101/4316/1075 1118/4315/1075 1117/4314/1075 1099/4313/1075
f 1103/4320/1076 1119/4319/1076 1118/4318/1076 1101/4317/1076
f 1105/4324/1077 1120/4323/1077 1119/4322/1077 1103/4321/1077
f 1107/4328/1078 1121/4327/1078 1120/4326/1078 1105/4325/1078
f 1109/4332/1079 1122/4331/1079 1121/4330/1079 1107/4329/1079
f 1088/4336/1080 1111/4335/1080 1122/4334/1080 1109/4333/1080
f 1112/4340/1081 1124/4339/1081 1123/4338/1081 1111/4337/1081
f 1113/4344/1082 1125/4343/1082 1124/4342/1082 1112/4341/1082
f 1114/4348/1083 1126/4347/1083 1125/4346/1083 1113/4345/1083
f 1115/4352/1084 1127/4351/1084 1126/4350/1084 1114/4349/1084
f 1116/4356/1085 1128/4355/1085 1127/4354/1085 1115/4353/1085
f 1117/4360/1086 1129/4359/1086 1128/4358/1086 1116/4357/1086
f 1118/4364/1087 1130/4363/1087 1129/4362/1087 1117/4361/1087
f 1119/4368/1088 1131/4367/1088 1130/4366/1088 1118/4365/1088
f 1120/4372/1089 1132/4371/1089 1131/4370/1089 1119/4369/1089
f 1121/4376/1090 1133/4375/1090 1132/4374/1090 1120/4373/1090
f 1122/4380/1091 1134/4379/1091 1133/4378/1091 1121/4377/1091
f 1111/4384/1092 1123/4383/1092 1134/4382/1092 1122/4381/1092
f 1124/4388/1093 1136/4387/1093 1135/4386/1093 1123/4385/1093
f 1125/4392/1094 1137/4391/1094 1136/4390/1094 1124/4389/1094
f 1126/4396/1095 1138/4395/1095 1137/4394/1095 1125/4393/1095
f 1127/4400/1096 1139/4399/1096 1138/4398/1096 1126/4397/1096
f 1128/4404/1097 1140/4403/1097 1139/4402/1097 1127/4401/1097
f 1129/4408/1098 1141/4407/1098 1140/4406/1098 1128/4405/1098
f 1130/4412/1099 1142/4411/1099 1141/4410/1099 1129/4409/1099
f 1131/4416/1100 1143/4415/1100 1142/4414/1100 1130/4413/1100
f 1132/4420/1101 1144/4419/1101 1143/4418/1101 1131/4417/1101
f 1133/4424/1102 1145/4423/1102 1144/4422/1102 1132/4421/1102
f 1134/4428/1103 1146/4427/1103 1145/4426/1103 1133/4425/1103
f 1123/4432/1104 1135/4431/1104 1146/4430/1104 1134/4429/1104
f 1136/4436/1105 1148/4435/1105 1147/4434/1105 1135/4433/1105
f 1137/4440/1106 1149/4439/1106 1148/4438/1106 1136/4437/1106
f 1138/4444/1107 1150/4443/1107 1149/4442/1107 1137/4441/1107
f 1139/4448/1108 1151/4447/1108 1150/4446/1108 1138/4445/1108
f 1140/4452/1109 1152/4451/1109 1151/4450/1109 1139/4449/1109
f 1141/4456/1110 1153/4455/1110 1152/4454/1110 1140/4453/1110
f 1142/4460/1111 1154/4459/1111 1153/4458/1111 1141/4457/1111
f 1143/4464/1112 1155/4463/1112 1154/4462/1112 1142/4461/1112
f 1144/4468/1113 1156/4467/1113 1155/4466/1113 1143/4465/1113
f 1145/4472/1114 1157/4471/1114 1156/4470/1114 1144/4469/1114
f 1146/4476/1115 1158/4475/1115 1157/4474/1115 1145/4473/1115
f 1135/4480/1116 1147/4479/1116 1158/4478/1116 1146/4477/1116
f 1148/4484/1117 1160/4483/1117 1159/4482/1117 1147/4481/1117
f 1149/4488/1118 1161/4487/1118 1160/4486/1118 1148/4485/1118
f 1150/4492/1119 1162/4491/1119 1161/4490/1119 1149/4489/1119
f 1151/4496/1120 1163/4495/1120 1162/4494/1120 1150/4493/1120
f 1152/4500/1121 1164/4499/1121 1163/4498/1121 1151/4497/1121
f 1153/4504/1122 1165/4503/1122 1164/4502/1122 1152/4501/1122
f 1154/4508/1123 1166/4507/1123 1165/4506/1123 1153/4505/1123
f 1155/4512/1124 1167/4511/1124 1166/4510/1124 1154/4509/1124
f 1156/4516/1125 1168/4515/1125 1167/4514/1125 1155/4513/1125
f 1157/4520/1126 1169/4519/1126 1168/4518/1126 1156/4517/1126
f 1158/4524/1127 1170/4523/1127 1169/4522/1127 1157/4521/1127
f 1147/4528/1128 1159/4527/1128 1170/4526/1128 1158/4525/1128
f 1160/4532/1129 1172/4531/1129 1171/4530/1129 1159/4529/1129
f 1161/4536/1130 1173/4535/1130 1172/4534/1130 1160/4533/1130
f 1162/4540/1131 1174/4539/1131 1173/4538/1131 1161/4537/1131
f 1163/4544/1132 1175/4543/1132 1174/4542/1132 1162/4541/1132
f 1164/4548/1133 1176/4547/1133 1175/4546/1133 1163/4545/1133
f 1165/4552/1134 1177/4551/1134 1176/4550/1134 1164/4549/1134
f 1166/4556/1135 1178/4555/1135 1177/4554/1135 1165/4553/1135
f 1167/4560/1136 1179/4559/1136 1178/4558/1136 1166/4557/1136
f 1168/4564/1137 1180/4563/1137 1179/4562/1137 1167/4561/1137
f 1169/4568/1138 1181/4567/1138 1180/4566/1138 1168/4565/1138
f 1170/4572/1139 1182/4571/1139 1181/4570/1139 1169/4569/1139
f 1159/4576/1140 1171/4575/1140 1182/4574/1140 1170/4573/1140
f 1172/4580/1141 1184/4579/1141 1183/4578/1141 1171/4577/1141
f 1173/4584/1142 1185/4583/1142 1184/4582/1142 1172/4581/1142
f 1174/4588/1143 1186/4587/1143 1185/4586/1143 1173/4585/1143
f 1175/4592/1144 1187/4591/1144 1186/4590/1144 1174/4589/1144
f 1176/4596/1145 1188/4595/1145 1187/4594/1145 1175/4593/1145
f 1177/4600/1146 1189/4599/1146 1188/4598/1146 1176/4597/1146
f 1178/4604/1147 1190/4603/1147 1189/4602/1147 1177/4601/1147
f 1179/4608/1148 1191/4607/1148 1190/4606/1148 1178/4605/1148
f 1180/4612/1149 1192/4611/1149 1191/4610/1149 1179/4609/1149
f 1181/4616/1150 1193/4615/1150 1192/4614/1150 1180/4613/1150
f 1182/4620/1151 1194/4619/1151 1193/4618/1151 1181/4617/1151
f 1171/4624/1152 1183/4623/1152 1194/4622/1152 1182/4621/1152
f 1184/4628/1153 1196/4627/1153 1195/4626/1153 1183/4625/1153
f 1185/4632/1154 1197/4631/1154 1196/4630/1154 1184/4629/1154
f 1186/4636/1155 1198/4635/1155 1197/4634/1155 1185/4633/1155
f 1187/4640/1156 1199/4639/1156 1198/4638/1156 1186/4637/1156
f 1188/4644/1157 1200/4643/1157 1199/4642/1157 1187/4641/1157
f 1189/4648/1158 1201/4647/1158 1200/4646/1158 1188/4645/1158
f 1190/4652/1159 1202/4651/1159 1201/4650/1159 1189/4649/1159
f 1191/4656/1160 1203/4655/1160 1202/4654/1160 1190/4653/1160
f 1192/4660/1161 1204/4659/1161 1203/4658/1161 1191/4657/1161
f 1193/4664/1162 1205/4663/1162 1204/4662/1162 1192/4661/1162
f 1194/4668/1163 1206/4667/1163 1205/4666/1163 1193/4665/1163
f 1183/4672/1164 1195/4671/1164 1206/4670/1164 1194/4669/1164
f 1196/4676/1165 1208/4675/1165 1207/4674/1165 1195/4673/1165
f 1197/4680/1166 1209/4679/1166 1208/4678/1166 1196/4677/1166
f 1198/4684/1167 1210/4683/1167 1209/4682/1167 1197/4681/1167
f 1199/4688/1168 1211/4687/1168 1210/4686/1168 1198/4685/1168
f 1200/4692/1169 1212/4691/1169 1211/4690/1169 1199/4689/1169
f 1201/4696/1170 1213/4695/1170 1212/4694/1170 1200/4693/1170
f 1202/4700/1171 1214/4699/1171 1213/4698/1171 1201/4697/1171
f 1203/4704/1172 1215/4703/1172 1214/4702/1172 1202/4701/1172
f 1204/4708/1173 1216/4707/1173 1215/4706/1173 1203/4705/1173
f 1205/4712/1174 1217/4711/1174 1216/4710/1174 1204/4709/1174
f 1206/4716/1175 1218/4715/1175 1217/4714/1175 1205/4713/1175
f 1195/4720/1176 1207/4719/1176 1218/4718/1176 1206/4717/1176
f 1208/4724/1177 1220/4723/1177 1219/4722/1177 1207/4721/1177
f 1209/4728/1178 1221/4727/1178 1220/4726/1178 1208/4725/1178
f 1210/4732/1179 1222/4731/1179 1221/4730/1179 1209/4729/1179
f 1211/4736/1180 1223/4735/1180 1222/4734/1180 1210/4733/1180
f 1212/4740/1181 1224/4739/1181 1223/4738/1181 1211/4737/1181
f 1213/4744/1182 1225/4743/1182 1224/4742/1182 1212/4741/1182
f 1214/4748/1183 1226/4747/1183 1225/4746/1183 1213/4745/1183
f 1215/4752/1184 1227/4751/1184 1226/4750/1184 1214/4749/1184
f 1216/4756/1185 1228/4755/1185 1227/4754/1185 1215/4753/1185
f 1217/4760/1186 1229/4759/1186 1228/4758/1186 1216/4757/1186
f 1218/4764/1187 1230/4763/1187 1229/4762/1187 1217/4761/1187
f 1207/4768/1188 1219/4767/1188 1230/4766/1188 1218/4765/1188
f 1220/4772/1189 1090/4771/1189 1087/4770/1189 1219/4769/1189
f 1221/4776/1190 1092/4775/1190 1090/4774/1190 1220/4773/1190
f 1222/4780/1191 1094/4779/1191 1092/4778/1191 1221/4777/1191
f 1223/4784/1192 1096/4783/1192 1094/4782/1192 1222/4781/1192
f 1224/4788/1193 1098/4787/1193 1096/4786/1193 1223/4785/1193
f 1225/4792/1194 1100/4791/1194 1098/4790/1194 1224/4789/1194
f 1226/4796/1195 1102/4795/1195 1100/4794/1195 1225/4793/1195
f 1227/4800/1196 1104/4799/1196 1102/4798/1196 1226/4797/1196
f 1228/4804/1197 1106/4803/1197 1104/4802/1197 1227/4801/1197
f 1229/4808/1198 1108/4807/1198 1106/4806/1198 1228/4805/1198
f 1230/4812/1199 1110/4811/1199 1108/4810/1199 1229/4809/1199
f 1219/4816/1200 1087/4815/1200 1110/4814/1200 1230/4813/1200
o group26084370
g mesh26084370
usemtl mat23
f 1330/5188/1293 1329/5187/1293 1328/5186/1293 1327/5185/1293
f 1329/5192/1294 1332/5191/1294 1331/5190/1294 1328/5189/1294
f 1332/5196/1295 1334/5195/1295 1333/5194/1295 1331/5193/1295
f 1334/5200/1296 1336/5199/1296 1335/5198/1296 1333/5197/1296
f 1336/5204/1297 1338/5203/1297 1337/5202/1297 1335/5201/1297
f 1338/5208/1298 1340/5207/1298 1339/5206/1298 1337/5205/1298
f 1340/5212/1299 1342/5211/1299 1341/5210/1299 1339/5209/1299
f 1342/5216/1300 1344/5215/1300 1343/5214/1300 1341/5213/1300
f 1344/5220/1301 1346/5219/1301 1345/5218/1301 1343/5217/1301
f 1346/5224/1302 1348/5223/1302 1347/5222/1302 1345/5221/1302
f 1348/5228/1303 1350/5227/1303 1349/5226/1303 1347/5225/1303
f 1350/5232/1304 1330/5231/1304 1327/5230/1304 1349/5229/1304
f 1327/5244/1305 1328/5243/1305 1331/5242/1305 1333/5241/1305 1335/5240/1305 1337/5239/1305 1339/5238/1305 1341/5237/1305 1343/5236/1305 1345/5235/1305 1347/5234/1305 1349/5233/1305
f 1350/5256/1306 1348/5255/1306 1346/5254/1306 1344/5253/1306 1342/5252/1306 1340/5251/1306 1338/5250/1306 1336/5249/1306 1334/5248/1306 1332/5247/1306 1329/5246/1306 1330/5245/1306
o group1020155929
g mesh1020155929
usemtl mat23
f 1234/4820/1201 1233/4819/1201 1232/4818/1201 1231/4817/1201
f 1233/4824/1202 1236/4823/1202 1235/4822/1202 1232/4821/1202
f 1236/4828/1203 1238/4827/1203 1237/4826/1203 1235/4825/1203
f 1238/4832/1204 1234/4831/1204 1231/4830/1204 1237/4829/1204
f 1242/4836/1205 1241/4835/1205 1240/4834/1205 1239/4833/1205
f 1231/4840/1206 1232/4839/1206 1235/4838/1206 1237/4837/1206
f 1244/4844/1207 1243/4843/1207 1233/4842/1207 1234/4841/1207
f 1243/4848/1208 1245/4847/1208 1236/4846/1208 1233/4845/1208
f 1245/4852/1209 1246/4851/1209 1238/4850/1209 1236/4849/1209
f 1246/4856/1210 1244/4855/1210 1234/4854/1210 1238/4853/1210
f 1248/4860/1211 1247/4859/1211 1243/4858/1211 1244/4857/1211
f 1247/4864/1212 1249/4863/1212 1245/4862/1212 1243/4861/1212
f 1249/4868/1213 1250/4867/1213 1246/4866/1213 1245/4865/1213
f 1250/4872/1214 1248/4871/1214 1244/4870/1214 1246/4869/1214
f 1252/4876/1215 1251/4875/1215 1247/4874/1215 1248/4873/1215
f 1251/4880/1216 1253/4879/1216 1249/4878/1216 1247/4877/1216
f 1253/4884/1217 1254/4883/1217 1250/4882/1217 1249/4881/1217
f 1254/4888/1218 1252/4887/1218 1248/4886/1218 1250/4885/1218
f 1256/4892/1219 1255/4891/1219 1251/4890/1219 1252/4889/1219
f 1255/4896/1220 1257/4895/1220 1253/4894/1220 1251/4893/1220
f 1257/4900/1221 1258/4899/1221 1254/4898/1221 1253/4897/1221
f 1258/4904/1222 1256/4903/1222 1252/4902/1222 1254/4901/1222
f 1260/4908/1223 1259/4907/1223 1255/4906/1223 1256/4905/1223
f 1259/4912/1224 1261/4911/1224 1257/4910/1224 1255/4909/1224
f 1261/4916/1225 1262/4915/1225 1258/4914/1225 1257/4913/1225
f 1262/4920/1226 1260/4919/1226 1256/4918/1226 1258/4917/1226
f 1264/4924/1227 1263/4923/1227 1259/4922/1227 1260/4921/1227
f 1263/4928/1228 1265/4927/1228 1261/4926/1228 1259/4925/1228
f 1265/4932/1229 1266/4931/1229 1262/4930/1229 1261/4929/1229
f 1266/4936/1230 1264/4935/1230 1260/4934/1230 1262/4933/1230
f 1268/4940/1231 1267/4939/1231 1263/4938/1231 1264/4937/1231
f 1267/4944/1232 1269/4943/1232 1265/4942/1232 1263/4941/1232
f 1269/4948/1233 1270/4947/1233 1266/4946/1233 1265/4945/1233
f 1270/4952/1234 1268/4951/1234 1264/4950/1234 1266/4949/1234
f 1272/4956/1235 1271/4955/1235 1267/4954/1235 1268/4953/1235
f 1271/4960/1236 1273/4959/1236 1269/4958/1236 1267/4957/1236
f 1273/4964/1237 1274/4963/1237 1270/4962/1237 1269/4961/1237
f 1274/4968/1238 1272/4967/1238 1268/4966/1238 1270/4965/1238
f 1276/4972/1239 1275/4971/1239 1271/4970/1239 1272/4969/1239
f 1275/4976/1240 1277/4975/1240 1273/4974/1240 1271/4973/1240
f 1277/4980/1241 1278/4979/1241 1274/4978/1241 1273/4977/1241
f 1278/4984/1242 1276/4983/1242 1272/4982/1242 1274/4981/1242
f 1280/4988/1243 1279/4987/1243 1275/4986/1243 1276/4985/1243
f 1279/4992/1244 1281/4991/1244 1277/4990/1244 1275/4989/1244
f 1281/4996/1245 1282/4995/1245 1278/4994/1245 1277/4993/1245
f 1282/5000/1246 1280/4999/1246 1276/4998/1246 1278/4997/1246
f 1284/5004/1247 1283/5003/1247 1279/5002/1247 1280/5001/1247
f 1283/5008/1248 1285/5007/1248 1281/5006/1248 1279/5005/1248
f 1285/5012/1249 1286/5011/1249 1282/5010/1249 1281/5009/1249
f 1286/5016/1250 1284/5015/1250 1280/5014/1250 1282/5013/1250
f 1288/5020/1251 1287/5019/1251 1283/5018/1251 1284/5017/1251
f 1287/5024/1252 1289/5023/1252 1285/5022/1252 1283/5021/1252
f 1289/5028/1253 1290/5027/1253 1286/5026/1253 1285/5025/1253
f 1290/5032/1254 1288/5031/1254 1284/5030/1254 1286/5029/1254
f 1292/5036/1255 1291/5035/1255 1287/5034/1255 1288/5033/1255
f 1291/5040/1256 1293/5039/1256 1289/5038/1256 1287/5037/1256
f 1293/5044/1257 1294/5043/1257 1290/5042/1257 1289/5041/1257
f 1294/5048/1258 1292/5047/1258 1288/5046/1258 1290/5045/1258
f 1296/5052/1259 1295/5051/1259 1291/5050/1259 1292/5049/1259
f 1295/5056/1260 1297/5055/1260 1293/5054/1260 1291/5053/1260
f 1297/5060/1261 1298/5059/1261 1294/5058/1261 1293/5057/1261
f 1298/5064/1262 1296/5063/1262 1292/5062/1262 1294/5061/1262
f 1239/5068/1263 1240/5067/1263 1295/5066/1263 1296/5065/1263
f 1240/5072/1264 1241/5071/1264 1297/5070/1264 1295/5069/1264
f 1241/5076/1265 1242/5075/1265 1298/5074/1265 1297/5073/1265
f 1242/5080/1266 1239/5079/1266 1296/5078/1266 1298/5077/1266
f 1302/5084/1267 1301/5083/1267 1300/5082/1267 1299/5081/1267
f 1301/5088/1268 1304/5087/1268 1303/5086/1268 1300/5085/1268
f 1304/5092/1269 1306/5091/1269 1305/5090/1269 1303/5089/1269
f 1306/5096/1270 1302/5095/1270 1299/5094/1270 1305/5093/1270
f 1306/5100/1271 1304/5099/1271 1301/5098/1271 1302/5097/1271
f 1310/5104/1272 1309/5103/1272 1308/5102/1272 1307/5101/1272
f 1312/5108/1273 1311/5107/1273 1303/5106/1273 1305/5105/1273
f 1311/5112/1274 1313/5111/1274 1300/5110/1274 1303/5109/1274
f 1313/5116/1275 1314/5115/1275 1299/5114/1275 1300/5113/1275
f 1314/5120/1276 1312/5119/1276 1305/5118/1276 1299/5117/1276
f 1316/5124/1277 1315/5123/1277 1311/5122/1277 1312/5121/1277
f 1315/5128/1278 1317/5127/1278 1313/5126/1278 1311/5125/1278
f 1317/5132/1279 1318/5131/1279 1314/5130/1279 1313/5129/1279
f 1318/5136/1280 1316/5135/1280 1312/5134/1280 1314/5133/1280
f 1320/5140/1281 1319/5139/1281 1315/5138/1281 1316/5137/1281
f 1319/5144/1282 1321/5143/1282 1317/5142/1282 1315/5141/1282
f 1321/5148/1283 1322/5147/1283 1318/5146/1283 1317/5145/1283
f 1322/5152/1284 1320/5151/1284 1316/5150/1284 1318/5149/1284
f 1324/5156/1285 1323/5155/1285 1319/5154/1285 1320/5153/1285
f 1323/5160/1286 1325/5159/1286 1321/5158/1286 1319/5157/1286
f 1325/5164/1287 1326/5163/1287 1322/5162/1287 1321/5161/1287
f 1326/5168/1288 1324/5167/1288 1320/5166/1288 1322/5165/1288
f 1307/5172/1289 1308/5171/1289 1323/5170/1289 1324/5169/1289
f 1308/5176/1290 1309/5175/1290 1325/5174/1290 1323/5173/1290
f 1309/5180/1291 1310/5179/1291 1326/5178/1291 1325/5177/1291
f 1310/5184/1292 1307/5183/1292 1324/5182/1292 1326/5181/1292
